Survived,Sex,Age,Parch,Embarked,Pclass_1,Pclass_2,Pclass_3,SibSp_0,SibSp_1,SibSp_2,SibSp_3,SibSp_4,FareClustered
0,0.0,0.26666666666666666,0.0,0.0,0.0,0.0,1.0,0.0,1.0,0.0,0.0,0.0,0.0
1,1.0,0.5333333333333333,0.0,0.5,1.0,0.0,0.0,0.0,1.0,0.0,0.0,0.0,0.0
1,1.0,0.3333333333333333,0.0,0.0,0.0,0.0,1.0,1.0,0.0,0.0,0.0,0.0,0.0
1,1.0,0.48333333333333334,0.0,0.0,1.0,0.0,0.0,0.0,1.0,0.0,0.0,0.0,0.0
0,0.0,0.48333333333333334,0.0,0.0,0.0,0.0,1.0,1.0,0.0,0.0,0.0,0.0,0.0
0,0.0,0.3972771509167841,0.0,1.0,0.0,0.0,1.0,1.0,0.0,0.0,0.0,0.0,0.0
0,0.0,0.8,0.0,0.0,1.0,0.0,0.0,1.0,0.0,0.0,0.0,0.0,0.0
1,1.0,0.35,1.0,0.0,0.0,0.0,1.0,1.0,0.0,0.0,0.0,0.0,0.0
1,1.0,0.13333333333333333,0.0,0.5,0.0,1.0,0.0,0.0,1.0,0.0,0.0,0.0,0.0
1,1.0,0.8666666666666667,0.0,0.0,1.0,0.0,0.0,1.0,0.0,0.0,0.0,0.0,0.0
0,0.0,0.23333333333333334,0.0,0.0,0.0,0.0,1.0,1.0,0.0,0.0,0.0,0.0,0.0
0,1.0,0.13333333333333333,0.0,0.0,0.0,0.0,1.0,1.0,0.0,0.0,0.0,0.0,0.0
1,1.0,0.8166666666666667,0.0,0.0,0.0,1.0,0.0,1.0,0.0,0.0,0.0,0.0,0.0
1,0.0,0.3972771509167841,0.0,0.0,0.0,1.0,0.0,1.0,0.0,0.0,0.0,0.0,0.0
0,1.0,0.4166666666666667,0.0,0.0,0.0,0.0,1.0,0.0,1.0,0.0,0.0,0.0,0.0
1,1.0,0.3972771509167841,0.0,0.5,0.0,0.0,1.0,1.0,0.0,0.0,0.0,0.0,0.0
0,0.0,0.48333333333333334,0.0,0.0,0.0,1.0,0.0,1.0,0.0,0.0,0.0,0.0,0.0
1,0.0,0.4666666666666667,0.0,0.0,0.0,1.0,0.0,1.0,0.0,0.0,0.0,0.0,0.0
1,1.0,0.15,0.0,1.0,0.0,0.0,1.0,1.0,0.0,0.0,0.0,0.0,0.0
1,0.0,0.36666666666666664,0.0,0.0,1.0,0.0,0.0,1.0,0.0,0.0,0.0,0.0,0.0
0,1.0,0.03333333333333333,0.5,0.0,0.0,0.0,1.0,0.0,0.0,0.0,1.0,0.0,0.0
0,0.0,0.3972771509167841,0.0,0.5,0.0,0.0,1.0,1.0,0.0,0.0,0.0,0.0,0.0
0,0.0,0.21666666666666667,1.0,0.0,1.0,0.0,0.0,0.0,0.0,0.0,1.0,0.0,0.0
1,1.0,0.3972771509167841,0.0,1.0,0.0,0.0,1.0,1.0,0.0,0.0,0.0,0.0,0.0
0,0.0,0.3972771509167841,0.0,0.0,0.0,0.0,1.0,1.0,0.0,0.0,0.0,0.0,0.0
0,0.0,0.5666666666666667,0.0,0.5,1.0,0.0,0.0,1.0,0.0,0.0,0.0,0.0,0.0
1,1.0,0.3972771509167841,0.0,0.5,1.0,0.0,0.0,0.0,1.0,0.0,0.0,0.0,0.0
1,1.0,0.3972771509167841,0.0,1.0,0.0,0.0,1.0,1.0,0.0,0.0,0.0,0.0,0.0
0,0.0,1.0,0.0,0.0,0.0,1.0,0.0,1.0,0.0,0.0,0.0,0.0,0.0
0,0.0,0.36666666666666664,0.0,0.5,1.0,0.0,0.0,0.0,1.0,0.0,0.0,0.0,0.0
0,0.0,0.6,0.0,0.0,1.0,0.0,0.0,0.0,1.0,0.0,0.0,0.0,0.0
1,0.0,0.3972771509167841,0.0,0.5,0.0,0.0,1.0,1.0,0.0,0.0,0.0,0.0,0.0
0,0.0,0.25,0.0,0.0,0.0,0.0,1.0,1.0,0.0,0.0,0.0,0.0,0.0
0,1.0,0.2,0.0,0.0,0.0,0.0,1.0,0.0,0.0,1.0,0.0,0.0,0.0
1,1.0,0.13333333333333333,0.0,0.5,0.0,0.0,1.0,0.0,1.0,0.0,0.0,0.0,0.0
0,1.0,0.5666666666666667,0.0,0.0,0.0,0.0,1.0,0.0,1.0,0.0,0.0,0.0,0.0
0,1.0,0.35,0.0,0.0,0.0,1.0,0.0,0.0,1.0,0.0,0.0,0.0,0.0
0,0.0,0.3972771509167841,0.0,0.5,0.0,0.0,1.0,1.0,0.0,0.0,0.0,0.0,0.0
1,1.0,0.21666666666666667,0.0,1.0,0.0,0.0,1.0,1.0,0.0,0.0,0.0,0.0,0.0
0,0.0,0.3972771509167841,0.0,0.0,0.0,0.0,1.0,1.0,0.0,0.0,0.0,0.0,0.0
0,0.0,0.3972771509167841,0.0,1.0,0.0,0.0,1.0,0.0,1.0,0.0,0.0,0.0,0.0
1,1.0,0.3972771509167841,0.0,1.0,0.0,0.0,1.0,1.0,0.0,0.0,0.0,0.0,0.0
0,0.0,0.3972771509167841,0.0,0.5,0.0,0.0,1.0,0.0,0.0,1.0,0.0,0.0,0.0
0,1.0,0.2,0.0,0.0,0.0,0.0,1.0,0.0,1.0,0.0,0.0,0.0,0.0
0,0.0,0.016666666666666666,0.5,0.0,0.0,0.0,1.0,0.0,0.0,0.0,0.0,1.0,0.0
0,0.0,0.25,0.0,0.0,0.0,0.0,1.0,1.0,0.0,0.0,0.0,0.0,0.0
1,1.0,0.7166666666666667,0.0,0.5,1.0,0.0,0.0,0.0,1.0,0.0,0.0,0.0,0.0
1,1.0,0.38333333333333336,0.0,0.0,0.0,1.0,0.0,0.0,1.0,0.0,0.0,0.0,0.0
0,0.0,0.9833333333333333,0.5,0.5,1.0,0.0,0.0,1.0,0.0,0.0,0.0,0.0,0.0
1,0.0,0.3972771509167841,0.0,0.0,1.0,0.0,0.0,1.0,0.0,0.0,0.0,0.0,0.0
1,1.0,0.25,0.0,0.0,0.0,1.0,0.0,1.0,0.0,0.0,0.0,0.0,0.0
0,0.0,0.375,0.0,0.5,0.0,0.0,1.0,1.0,0.0,0.0,0.0,0.0,0.0
0,0.0,0.26666666666666666,0.0,0.5,0.0,0.0,1.0,1.0,0.0,0.0,0.0,0.0,0.0
1,1.0,0.5333333333333333,0.0,0.0,1.0,0.0,0.0,1.0,0.0,0.0,0.0,0.0,0.0
0,0.0,0.65,0.0,0.0,1.0,0.0,0.0,0.0,1.0,0.0,0.0,0.0,0.0
0,0.0,0.3972771509167841,0.0,0.5,1.0,0.0,0.0,1.0,0.0,0.0,0.0,0.0,0.0
1,0.0,0.3972771509167841,0.5,0.5,0.0,0.0,1.0,0.0,1.0,0.0,0.0,0.0,0.0
1,1.0,0.38333333333333336,0.0,0.0,0.0,1.0,0.0,1.0,0.0,0.0,0.0,0.0,0.0
0,0.0,0.21666666666666667,0.0,0.0,0.0,0.0,1.0,1.0,0.0,0.0,0.0,0.0,0.0
1,1.0,0.18333333333333332,1.0,0.0,0.0,0.0,1.0,0.0,0.0,0.0,0.0,1.0,0.0
0,0.0,0.3333333333333333,0.0,0.0,0.0,0.0,1.0,0.0,0.0,1.0,0.0,0.0,0.0
0,0.0,0.43333333333333335,0.0,0.0,0.0,1.0,0.0,1.0,0.0,0.0,0.0,0.0,0.0
0,0.0,0.25,0.0,0.0,0.0,1.0,0.0,1.0,0.0,0.0,0.0,0.0,0.0
0,0.0,0.3333333333333333,0.0,0.5,0.0,0.0,1.0,0.0,1.0,0.0,0.0,0.0,0.0
1,0.0,0.43333333333333335,0.0,0.0,0.0,0.0,1.0,1.0,0.0,0.0,0.0,0.0,0.0
0,0.0,0.31666666666666665,0.0,0.0,0.0,0.0,1.0,1.0,0.0,0.0,0.0,0.0,0.0
0,0.0,0.3972771509167841,0.0,0.0,0.0,0.0,1.0,1.0,0.0,0.0,0.0,0.0,0.0
0,0.0,0.3972771509167841,0.0,0.0,0.0,0.0,1.0,1.0,0.0,0.0,0.0,0.0,0.0
1,1.0,0.4,0.0,0.0,0.0,0.0,1.0,1.0,0.0,0.0,0.0,0.0,0.0
0,0.0,0.26666666666666666,0.0,0.0,0.0,0.0,1.0,1.0,0.0,0.0,0.0,0.0,0.0
1,0.0,0.38333333333333336,0.0,0.0,0.0,0.0,1.0,1.0,0.0,0.0,0.0,0.0,0.0
1,1.0,0.3972771509167841,0.0,1.0,0.0,0.0,1.0,1.0,0.0,0.0,0.0,0.0,0.0
0,0.0,0.36666666666666664,0.0,0.0,1.0,0.0,0.0,1.0,0.0,0.0,0.0,0.0,0.0
1,1.0,0.18333333333333332,0.0,0.0,0.0,1.0,0.0,1.0,0.0,0.0,0.0,0.0,0.0
1,1.0,0.45,0.0,0.0,0.0,0.0,1.0,0.0,0.0,0.0,1.0,0.0,0.0
0,0.0,0.16666666666666666,1.0,0.0,0.0,0.0,1.0,0.0,1.0,0.0,0.0,0.0,0.0
0,0.0,0.3972771509167841,0.0,0.0,0.0,0.0,1.0,1.0,0.0,0.0,0.0,0.0,0.0
1,1.0,0.2833333333333333,1.0,0.0,1.0,0.0,0.0,0.0,0.0,0.0,1.0,0.0,0.0
0,0.0,0.3,0.0,0.0,0.0,0.0,1.0,1.0,0.0,0.0,0.0,0.0,0.0
0,0.0,0.38333333333333336,0.0,0.0,0.0,0.0,1.0,1.0,0.0,0.0,0.0,0.0,0.0
0,0.0,0.23333333333333334,0.0,0.0,0.0,0.0,1.0,1.0,0.0,0.0,0.0,0.0,0.0
0,0.0,0.6666666666666666,0.0,0.0,1.0,0.0,0.0,0.0,1.0,0.0,0.0,0.0,0.0
0,0.0,0.3333333333333333,1.0,0.0,0.0,0.0,1.0,0.0,1.0,0.0,0.0,0.0,0.0
0,0.0,0.8833333333333333,0.0,0.0,0.0,0.0,1.0,1.0,0.0,0.0,0.0,0.0,0.0
0,0.0,0.3972771509167841,0.0,0.0,0.0,0.0,1.0,1.0,0.0,0.0,0.0,0.0,0.0
1,0.0,0.2833333333333333,0.5,0.5,1.0,0.0,0.0,1.0,0.0,0.0,0.0,0.0,0.0
1,1.0,0.4666666666666667,0.5,0.0,0.0,1.0,0.0,1.0,0.0,0.0,0.0,0.0,0.0
0,0.0,0.4666666666666667,0.0,0.0,0.0,1.0,0.0,0.0,1.0,0.0,0.0,0.0,0.0
0,1.0,0.36666666666666664,0.0,0.0,0.0,0.0,1.0,1.0,0.0,0.0,0.0,0.0,0.0
0,0.0,0.3972771509167841,0.0,0.0,0.0,0.0,1.0,1.0,0.0,0.0,0.0,0.0,0.0
0,0.0,0.25,0.5,0.0,1.0,0.0,0.0,1.0,0.0,0.0,0.0,0.0,0.0
0,0.0,0.45,0.0,0.0,0.0,0.0,1.0,1.0,0.0,0.0,0.0,0.0,0.0
0,0.0,0.5166666666666667,0.0,0.0,0.0,0.0,1.0,0.0,0.0,1.0,0.0,0.0,0.0
0,0.0,0.36666666666666664,0.0,0.0,0.0,0.0,1.0,1.0,0.0,0.0,0.0,0.0,0.0
1,1.0,0.25,0.0,0.0,0.0,0.0,1.0,1.0,0.0,0.0,0.0,0.0,0.0
1,0.0,0.3972771509167841,0.0,0.0,0.0,0.0,1.0,1.0,0.0,0.0,0.0,0.0,0.0
0,0.0,0.5333333333333333,0.0,0.0,0.0,0.0,1.0,1.0,0.0,0.0,0.0,0.0,0.0
1,1.0,0.3972771509167841,0.0,1.0,0.0,0.0,1.0,0.0,1.0,0.0,0.0,0.0,0.0
0,0.0,0.6833333333333333,0.0,0.0,1.0,0.0,0.0,1.0,0.0,0.0,0.0,0.0,0.0
0,1.0,0.14166666666666666,0.0,0.5,0.0,0.0,1.0,0.0,1.0,0.0,0.0,0.0,0.0
0,0.0,0.26666666666666666,0.0,0.0,0.0,0.0,1.0,1.0,0.0,0.0,0.0,0.0,0.0
0,1.0,0.23333333333333334,0.0,0.0,0.0,0.0,1.0,0.0,1.0,0.0,0.0,0.0,0.0
0,1.0,0.18333333333333332,0.0,0.5,0.0,0.0,1.0,1.0,0.0,0.0,0.0,0.0,0.0
0,0.0,0.25,0.0,0.0,0.0,0.0,1.0,1.0,0.0,0.0,0.0,0.0,0.0
0,0.0,0.38333333333333336,0.0,0.0,0.0,1.0,0.0,0.0,1.0,0.0,0.0,0.0,0.0
0,0.0,0.3,0.5,0.5,1.0,0.0,0.0,1.0,0.0,0.0,0.0,0.0,0.0
0,0.0,0.25,0.0,0.0,0.0,1.0,0.0,0.0,0.0,1.0,0.0,0.0,0.0
0,0.0,0.3972771509167841,0.0,0.0,0.0,0.0,1.0,1.0,0.0,0.0,0.0,0.0,0.0
0,0.0,0.44166666666666665,0.0,0.5,0.0,1.0,0.0,0.0,1.0,0.0,0.0,0.0,0.0
1,1.0,0.44166666666666665,0.0,0.0,0.0,1.0,0.0,1.0,0.0,0.0,0.0,0.0,0.0
0,0.0,0.8,0.5,0.0,1.0,0.0,0.0,1.0,0.0,0.0,0.0,0.0,0.0
1,0.0,0.1,0.0,0.5,0.0,0.0,1.0,0.0,1.0,0.0,0.0,0.0,0.0
0,0.0,0.3972771509167841,0.0,1.0,0.0,0.0,1.0,1.0,0.0,0.0,0.0,0.0,0.0
1,0.0,0.3,0.0,0.0,0.0,0.0,1.0,1.0,0.0,0.0,0.0,0.0,0.0
1,1.0,0.3972771509167841,0.5,0.5,0.0,0.0,1.0,0.0,1.0,0.0,0.0,0.0,0.0
0,0.0,0.65,0.0,0.0,0.0,0.0,1.0,1.0,0.0,0.0,0.0,0.0,0.0
0,0.0,0.45,0.0,0.5,0.0,0.0,1.0,1.0,0.0,0.0,0.0,0.0,0.0
0,0.0,0.23333333333333334,0.0,0.0,0.0,0.0,1.0,1.0,0.0,0.0,0.0,0.0,0.0
0,1.0,0.6833333333333333,0.0,0.0,0.0,0.0,1.0,0.0,1.0,0.0,0.0,0.0,0.0
1,1.0,0.38333333333333336,0.0,0.0,0.0,1.0,0.0,0.0,1.0,0.0,0.0,0.0,0.0
0,0.0,0.31666666666666665,0.0,0.0,0.0,1.0,0.0,1.0,0.0,0.0,0.0,0.0,0.0
0,0.0,0.2833333333333333,0.0,0.5,0.0,1.0,0.0,1.0,0.0,0.0,0.0,0.0,0.0
1,1.0,0.21666666666666667,1.0,0.0,1.0,0.0,0.0,1.0,0.0,0.0,0.0,0.0,0.0
0,0.0,0.5166666666666667,0.0,0.0,1.0,0.0,0.0,0.0,1.0,0.0,0.0,0.0,0.0
0,0.0,0.16666666666666666,0.0,0.0,0.0,0.0,1.0,1.0,0.0,0.0,0.0,0.0,0.0
0,0.0,0.3,0.0,0.5,1.0,0.0,0.0,1.0,0.0,0.0,0.0,0.0,0.0
0,1.0,0.3972771509167841,1.0,0.5,0.0,0.0,1.0,1.0,0.0,0.0,0.0,0.0,0.0
1,1.0,0.26666666666666666,0.0,0.0,0.0,0.0,1.0,1.0,0.0,0.0,0.0,0.0,0.0
1,1.0,0.3,0.0,0.0,0.0,0.0,1.0,0.0,1.0,0.0,0.0,0.0,0.0
0,0.0,0.21666666666666667,0.0,1.0,0.0,0.0,1.0,1.0,0.0,0.0,0.0,0.0,0.0
0,0.0,0.2,0.0,0.0,0.0,1.0,0.0,1.0,0.0,0.0,0.0,0.0,0.0
0,0.0,0.21666666666666667,0.5,0.0,0.0,1.0,0.0,0.0,1.0,0.0,0.0,0.0,0.0
1,0.0,0.35,0.0,0.0,0.0,0.0,1.0,1.0,0.0,0.0,0.0,0.0,0.0
0,1.0,0.05,1.0,0.0,0.0,0.0,1.0,0.0,0.0,1.0,0.0,0.0,0.0
0,0.0,0.5083333333333333,1.0,0.0,0.0,1.0,0.0,1.0,0.0,0.0,0.0,0.0,0.0
0,0.0,0.6,0.0,0.0,0.0,1.0,0.0,1.0,0.0,0.0,0.0,0.0,0.0
0,0.0,0.75,0.0,0.0,0.0,1.0,0.0,1.0,0.0,0.0,0.0,0.0,0.0
1,1.0,0.26666666666666666,0.0,0.0,1.0,0.0,0.0,0.0,1.0,0.0,0.0,0.0,0.0
0,0.0,0.825,0.0,0.0,0.0,0.0,1.0,1.0,0.0,0.0,0.0,0.0,0.0
0,0.0,0.575,1.0,0.0,0.0,0.0,1.0,1.0,0.0,0.0,0.0,0.0,0.0
0,0.0,0.3972771509167841,0.0,0.0,0.0,0.0,1.0,1.0,0.0,0.0,0.0,0.0,0.0
0,0.0,0.75,0.5,0.5,1.0,0.0,0.0,1.0,0.0,0.0,0.0,0.0,0.0
1,1.0,0.16666666666666666,0.0,1.0,0.0,0.0,1.0,1.0,0.0,0.0,0.0,0.0,0.0
0,0.0,0.4,0.0,0.0,0.0,0.0,1.0,1.0,0.0,0.0,0.0,0.0,0.0
0,0.0,0.3972771509167841,0.0,0.0,0.0,0.0,1.0,1.0,0.0,0.0,0.0,0.0,0.0
0,0.0,0.6333333333333333,0.5,0.0,0.0,0.0,1.0,1.0,0.0,0.0,0.0,0.0,0.0
1,1.0,0.5666666666666667,0.0,0.0,0.0,1.0,0.0,1.0,0.0,0.0,0.0,0.0,0.0
0,0.0,0.3333333333333333,0.0,0.0,0.0,0.0,1.0,1.0,0.0,0.0,0.0,0.0,0.0
0,0.0,0.18333333333333332,0.0,0.0,0.0,0.0,1.0,1.0,0.0,0.0,0.0,0.0,0.0
1,0.0,0.05,1.0,0.0,0.0,0.0,1.0,1.0,0.0,0.0,0.0,0.0,0.0
1,1.0,0.3972771509167841,0.5,0.0,1.0,0.0,0.0,1.0,0.0,0.0,0.0,0.0,0.0
0,0.0,0.3972771509167841,0.0,0.0,1.0,0.0,0.0,1.0,0.0,0.0,0.0,0.0,0.0
0,0.0,0.36666666666666664,0.0,0.0,0.0,0.0,1.0,1.0,0.0,0.0,0.0,0.0,0.0
0,0.0,0.9166666666666666,0.0,0.0,1.0,0.0,0.0,1.0,0.0,0.0,0.0,0.0,0.0
0,0.0,0.25,0.0,0.0,0.0,0.0,1.0,1.0,0.0,0.0,0.0,0.0,0.0
0,0.0,0.8333333333333334,0.0,0.5,1.0,0.0,0.0,1.0,0.0,0.0,0.0,0.0,0.0
0,0.0,0.2,0.5,0.0,0.0,0.0,1.0,0.0,1.0,0.0,0.0,0.0,0.0
0,0.0,0.3972771509167841,0.5,0.0,0.0,0.0,1.0,0.0,0.0,0.0,1.0,0.0,0.0
0,1.0,0.7333333333333333,0.0,0.5,1.0,0.0,0.0,1.0,0.0,0.0,0.0,0.0,0.0
0,0.0,0.4,0.0,0.0,0.0,1.0,0.0,1.0,0.0,0.0,0.0,0.0,0.0
0,0.0,0.5,0.0,0.0,0.0,0.0,1.0,1.0,0.0,0.0,0.0,0.0,0.0
0,0.0,0.3972771509167841,0.0,0.5,0.0,1.0,0.0,1.0,0.0,0.0,0.0,0.0,0.0
0,0.0,0.05,1.0,0.0,0.0,0.0,1.0,0.0,0.0,0.0,0.0,1.0,0.0
0,0.0,0.3972771509167841,0.0,0.0,1.0,0.0,0.0,1.0,0.0,0.0,0.0,0.0,0.0
1,1.0,0.3972771509167841,0.0,1.0,0.0,0.0,1.0,0.0,1.0,0.0,0.0,0.0,0.0
1,0.0,0.65,0.0,0.0,1.0,0.0,0.0,1.0,0.0,0.0,0.0,0.0,0.0
0,0.0,0.5666666666666667,0.5,1.0,0.0,0.0,1.0,0.0,1.0,0.0,0.0,0.0,0.0
0,0.0,0.5,0.0,0.0,0.0,0.0,1.0,1.0,0.0,0.0,0.0,0.0,0.0
1,1.0,0.43333333333333335,0.0,0.0,0.0,1.0,0.0,1.0,0.0,0.0,0.0,0.0,0.0
0,0.0,0.21666666666666667,0.0,0.0,0.0,1.0,0.0,1.0,0.0,0.0,0.0,0.0,0.0
1,1.0,0.21666666666666667,0.0,0.0,0.0,0.0,1.0,0.0,1.0,0.0,0.0,0.0,0.0
1,1.0,0.6333333333333333,0.0,0.5,1.0,0.0,0.0,1.0,0.0,0.0,0.0,0.0,0.0
1,1.0,0.8666666666666667,0.0,0.5,1.0,0.0,0.0,1.0,0.0,0.0,0.0,0.0,0.0
0,0.0,0.3972771509167841,0.0,1.0,0.0,0.0,1.0,1.0,0.0,0.0,0.0,0.0,0.0
0,0.0,0.6,0.5,0.0,0.0,0.0,1.0,1.0,0.0,0.0,0.0,0.0,0.0
1,1.0,0.3972771509167841,0.0,1.0,0.0,0.0,1.0,1.0,0.0,0.0,0.0,0.0,0.0
0,1.0,0.3,0.0,0.0,0.0,1.0,0.0,1.0,0.0,0.0,0.0,0.0,0.0
0,0.0,0.36666666666666664,0.0,0.0,0.0,0.0,1.0,1.0,0.0,0.0,0.0,0.0,0.0
0,0.0,0.4666666666666667,0.0,0.0,0.0,0.0,1.0,1.0,0.0,0.0,0.0,0.0,0.0
0,0.0,0.6583333333333333,0.0,0.5,0.0,0.0,1.0,1.0,0.0,0.0,0.0,0.0,0.0
1,0.0,0.2,0.0,0.0,0.0,0.0,1.0,1.0,0.0,0.0,0.0,0.0,0.0
0,0.0,0.43333333333333335,0.0,0.0,0.0,0.0,1.0,0.0,1.0,0.0,0.0,0.0,0.0
1,0.0,0.3333333333333333,0.0,0.5,0.0,0.0,1.0,1.0,0.0,0.0,0.0,0.0,0.0
1,1.0,0.16666666666666666,0.0,1.0,0.0,0.0,1.0,1.0,0.0,0.0,0.0,0.0,0.0
1,0.0,0.5666666666666667,0.0,0.5,1.0,0.0,0.0,1.0,0.0,0.0,0.0,0.0,0.0
0,0.0,0.3,0.0,0.0,0.0,0.0,1.0,1.0,0.0,0.0,0.0,0.0,0.0
1,1.0,0.48333333333333334,0.0,0.0,0.0,1.0,0.0,1.0,0.0,0.0,0.0,0.0,0.0
0,0.0,0.26666666666666666,0.0,0.0,0.0,0.0,1.0,1.0,0.0,0.0,0.0,0.0,0.0
0,0.0,0.4,0.0,0.0,0.0,1.0,0.0,1.0,0.0,0.0,0.0,0.0,0.0
0,0.0,0.3972771509167841,0.0,1.0,0.0,0.0,1.0,0.0,1.0,0.0,0.0,0.0,0.0
1,1.0,0.4166666666666667,0.0,0.5,1.0,0.0,0.0,0.0,1.0,0.0,0.0,0.0,0.0
1,1.0,0.35,0.0,0.0,0.0,0.0,1.0,1.0,0.0,0.0,0.0,0.0,0.0
0,0.0,0.6,0.0,0.0,0.0,1.0,0.0,0.0,1.0,0.0,0.0,0.0,0.0
1,1.0,0.43333333333333335,0.0,0.5,1.0,0.0,0.0,1.0,0.0,0.0,0.0,0.0,0.0
0,0.0,0.4,0.0,0.0,0.0,1.0,0.0,1.0,0.0,0.0,0.0,0.0,0.0
1,0.0,0.16666666666666666,0.0,0.0,0.0,0.0,1.0,1.0,0.0,0.0,0.0,0.0,0.0
0,0.0,0.35,0.0,0.0,0.0,1.0,0.0,1.0,0.0,0.0,0.0,0.0,0.0
0,0.0,0.75,0.0,0.0,0.0,0.0,1.0,1.0,0.0,0.0,0.0,0.0,0.0
0,0.0,0.3972771509167841,0.0,0.0,0.0,0.0,1.0,1.0,0.0,0.0,0.0,0.0,0.0
1,0.0,0.5333333333333333,0.0,0.0,1.0,0.0,0.0,0.0,1.0,0.0,0.0,0.0,0.0
0,0.0,0.26666666666666666,0.0,0.0,0.0,0.0,1.0,1.0,0.0,0.0,0.0,0.0,0.0
1,0.0,0.21666666666666667,0.0,0.0,0.0,1.0,0.0,1.0,0.0,0.0,0.0,0.0,0.0
0,0.0,0.24166666666666667,0.0,0.0,0.0,0.0,1.0,1.0,0.0,0.0,0.0,0.0,0.0
0,0.0,0.2,0.0,0.0,0.0,1.0,0.0,1.0,0.0,0.0,0.0,0.0,0.0
0,1.0,0.3972771509167841,0.5,0.0,0.0,0.0,1.0,0.0,0.0,0.0,1.0,0.0,0.0
1,1.0,0.48333333333333334,0.0,0.0,1.0,0.0,0.0,0.0,1.0,0.0,0.0,0.0,0.0
0,0.0,0.38333333333333336,0.0,0.0,0.0,0.0,1.0,1.0,0.0,0.0,0.0,0.0,0.0
0,0.0,0.8833333333333333,0.0,0.0,0.0,1.0,0.0,1.0,0.0,0.0,0.0,0.0,0.0
0,0.0,0.3,0.0,0.0,0.0,1.0,0.0,1.0,0.0,0.0,0.0,0.0,0.0
0,1.0,0.3972771509167841,0.0,0.0,0.0,0.0,1.0,1.0,0.0,0.0,0.0,0.0,0.0
0,0.0,0.6333333333333333,0.0,0.0,0.0,1.0,0.0,0.0,1.0,0.0,0.0,0.0,0.0
1,1.0,0.03333333333333333,1.0,0.0,0.0,1.0,0.0,1.0,0.0,0.0,0.0,0.0,0.0
0,0.0,0.21666666666666667,0.0,0.0,0.0,1.0,0.0,1.0,0.0,0.0,0.0,0.0,0.0
0,0.0,0.45,0.0,0.0,0.0,1.0,0.0,1.0,0.0,0.0,0.0,0.0,0.0
0,1.0,0.3972771509167841,0.0,0.5,0.0,0.0,1.0,0.0,1.0,0.0,0.0,0.0,0.0
1,1.0,0.3972771509167841,0.0,1.0,0.0,0.0,1.0,0.0,1.0,0.0,0.0,0.0,0.0
0,0.0,0.38333333333333336,0.0,0.0,0.0,1.0,0.0,1.0,0.0,0.0,0.0,0.0,0.0
0,0.0,0.26666666666666666,0.0,0.0,0.0,0.0,1.0,1.0,0.0,0.0,0.0,0.0,0.0
0,0.0,0.4,0.0,0.5,0.0,0.0,1.0,1.0,0.0,0.0,0.0,0.0,0.0
0,0.0,0.6333333333333333,0.0,1.0,1.0,0.0,0.0,0.0,0.0,1.0,0.0,0.0,0.0
0,1.0,0.31666666666666665,0.0,0.0,0.0,0.0,1.0,1.0,0.0,0.0,0.0,0.0,0.0
1,1.0,0.3,1.0,0.0,0.0,1.0,0.0,1.0,0.0,0.0,0.0,0.0,0.0
1,0.0,0.5166666666666667,0.5,0.0,1.0,0.0,0.0,0.0,1.0,0.0,0.0,0.0,0.0
0,0.0,0.8,0.0,0.0,0.0,1.0,0.0,0.0,1.0,0.0,0.0,0.0,0.0
0,0.0,0.3972771509167841,0.0,0.0,0.0,0.0,1.0,1.0,0.0,0.0,0.0,0.0,0.0
0,1.0,0.38333333333333336,0.5,0.0,0.0,0.0,1.0,0.0,1.0,0.0,0.0,0.0,0.0
0,0.0,0.9333333333333333,0.0,0.0,1.0,0.0,0.0,1.0,0.0,0.0,0.0,0.0,0.0
0,0.0,0.4,0.0,0.0,0.0,0.0,1.0,0.0,1.0,0.0,0.0,0.0,0.0
0,1.0,0.5833333333333334,1.0,0.0,0.0,0.0,1.0,1.0,0.0,0.0,0.0,0.0,0.0
1,1.0,0.38333333333333336,1.0,0.5,0.0,0.0,1.0,1.0,0.0,0.0,0.0,0.0,0.0
1,1.0,0.3972771509167841,0.0,0.5,1.0,0.0,0.0,1.0,0.0,0.0,0.0,0.0,0.0
1,1.0,0.4,0.0,0.0,1.0,0.0,0.0,1.0,0.0,0.0,0.0,0.0,0.0
1,1.0,0.48333333333333334,0.0,0.5,1.0,0.0,0.0,1.0,0.0,0.0,0.0,0.0,0.0
1,1.0,0.7333333333333333,0.5,0.0,0.0,1.0,0.0,1.0,0.0,0.0,0.0,0.0,0.0
0,0.0,0.3972771509167841,0.0,1.0,0.0,0.0,1.0,1.0,0.0,0.0,0.0,0.0,0.0
0,0.0,0.7666666666666667,0.5,0.0,1.0,0.0,0.0,0.0,1.0,0.0,0.0,0.0,0.0
0,0.0,0.5666666666666667,0.0,0.0,1.0,0.0,0.0,1.0,0.0,0.0,0.0,0.0,0.0
0,1.0,0.3972771509167841,0.0,1.0,0.0,0.0,1.0,1.0,0.0,0.0,0.0,0.0,0.0
0,0.0,0.5,0.0,0.0,0.0,1.0,0.0,1.0,0.0,0.0,0.0,0.0,0.0
0,0.0,0.16666666666666666,0.5,0.0,0.0,0.0,1.0,0.0,0.0,0.0,0.0,1.0,0.0
1,0.0,0.31666666666666665,0.0,0.0,0.0,0.0,1.0,0.0,1.0,0.0,0.0,0.0,0.0
1,1.0,0.8666666666666667,0.5,0.0,1.0,0.0,0.0,1.0,0.0,0.0,0.0,0.0,0.0
1,1.0,0.48333333333333334,0.0,0.0,1.0,0.0,0.0,1.0,0.0,0.0,0.0,0.0,0.0
0,0.0,0.3972771509167841,0.0,0.0,1.0,0.0,0.0,1.0,0.0,0.0,0.0,0.0,0.0
1,0.0,0.31666666666666665,0.0,0.0,0.0,0.0,1.0,1.0,0.0,0.0,0.0,0.0,0.0
1,1.0,0.5833333333333334,0.5,0.0,0.0,1.0,0.0,1.0,0.0,0.0,0.0,0.0,0.0
0,0.0,0.5166666666666667,0.5,0.5,1.0,0.0,0.0,1.0,0.0,0.0,0.0,0.0,0.0
1,1.0,0.3972771509167841,0.0,1.0,0.0,0.0,1.0,1.0,0.0,0.0,0.0,0.0,0.0
1,1.0,0.95,0.0,0.0,1.0,0.0,0.0,0.0,1.0,0.0,0.0,0.0,0.0
0,1.0,0.65,0.0,0.0,0.0,0.0,1.0,1.0,0.0,0.0,0.0,0.0,0.0
0,0.0,0.3972771509167841,0.0,0.0,0.0,1.0,0.0,1.0,0.0,0.0,0.0,0.0,0.0
0,0.0,0.016666666666666666,0.5,1.0,0.0,0.0,1.0,0.0,0.0,0.0,0.0,1.0,0.0
1,1.0,0.48333333333333334,0.5,0.0,0.0,0.0,1.0,0.0,1.0,0.0,0.0,0.0,0.0
0,0.0,0.9833333333333333,0.0,1.0,0.0,0.0,1.0,1.0,0.0,0.0,0.0,0.0,0.0
0,0.0,0.36666666666666664,0.0,0.0,0.0,0.0,1.0,1.0,0.0,0.0,0.0,0.0,0.0
0,0.0,0.16666666666666666,0.0,0.0,0.0,0.0,1.0,1.0,0.0,0.0,0.0,0.0,0.0
1,0.0,0.21666666666666667,0.0,0.0,0.0,0.0,1.0,1.0,0.0,0.0,0.0,0.0,0.0
0,0.0,0.3972771509167841,0.0,0.0,1.0,0.0,0.0,1.0,0.0,0.0,0.0,0.0,0.0
0,0.0,0.45,0.0,0.5,0.0,0.0,1.0,1.0,0.0,0.0,0.0,0.0,0.0
1,0.0,0.4,0.0,0.0,0.0,0.0,1.0,1.0,0.0,0.0,0.0,0.0,0.0
0,0.0,0.26666666666666666,0.0,0.0,0.0,0.0,1.0,1.0,0.0,0.0,0.0,0.0,0.0
1,0.0,0.6,0.0,0.0,0.0,1.0,0.0,1.0,0.0,0.0,0.0,0.0,0.0
1,1.0,0.26666666666666666,0.0,1.0,0.0,0.0,1.0,1.0,0.0,0.0,0.0,0.0,0.0
1,1.0,0.3333333333333333,0.0,0.0,1.0,0.0,0.0,1.0,0.0,0.0,0.0,0.0,0.0
1,1.0,0.21666666666666667,0.0,0.5,1.0,0.0,0.0,0.0,1.0,0.0,0.0,0.0,0.0
0,0.0,0.5,0.0,0.5,0.0,1.0,0.0,1.0,0.0,0.0,0.0,0.0,0.0
0,1.0,0.3,0.0,0.0,0.0,0.0,1.0,1.0,0.0,0.0,0.0,0.0,0.0
0,0.0,0.3,0.0,0.0,0.0,0.0,1.0,1.0,0.0,0.0,0.0,0.0,0.0
0,0.0,0.3972771509167841,0.0,0.5,1.0,0.0,0.0,1.0,0.0,0.0,0.0,0.0,0.0
0,0.0,0.2916666666666667,0.0,0.5,0.0,0.0,1.0,1.0,0.0,0.0,0.0,0.0,0.0
1,0.0,0.3972771509167841,0.0,0.0,1.0,0.0,0.0,1.0,0.0,0.0,0.0,0.0,0.0
1,1.0,0.7333333333333333,0.5,0.5,1.0,0.0,0.0,1.0,0.0,0.0,0.0,0.0,0.0
1,1.0,0.3972771509167841,0.0,1.0,0.0,0.0,1.0,1.0,0.0,0.0,0.0,0.0,0.0
1,0.0,0.3972771509167841,0.0,1.0,0.0,0.0,1.0,0.0,0.0,1.0,0.0,0.0,0.0
0,0.0,0.21666666666666667,0.0,0.0,0.0,0.0,1.0,1.0,0.0,0.0,0.0,0.0,0.0
1,1.0,0.3972771509167841,0.0,1.0,0.0,1.0,0.0,1.0,0.0,0.0,0.0,0.0,0.0
0,0.0,0.3972771509167841,0.0,0.0,0.0,0.0,1.0,1.0,0.0,0.0,0.0,0.0,0.0
1,1.0,0.3972771509167841,0.0,0.5,1.0,0.0,0.0,1.0,0.0,0.0,0.0,0.0,0.5
1,1.0,0.18333333333333332,0.0,0.5,1.0,0.0,0.0,0.0,1.0,0.0,0.0,0.0,0.5
0,0.0,0.4,0.0,0.5,0.0,1.0,0.0,0.0,1.0,0.0,0.0,0.0,0.5
1,1.0,0.4,0.0,0.5,1.0,0.0,0.0,1.0,0.0,0.0,0.0,0.0,0.5
1,1.0,0.3,0.0,0.5,1.0,0.0,0.0,1.0,0.0,0.0,0.0,0.0,0.5
1,1.0,0.2,1.0,0.5,1.0,0.0,0.0,0.0,0.0,1.0,0.0,0.0,0.5
0,1.0,0.3333333333333333,0.5,0.0,0.0,1.0,0.0,0.0,1.0,0.0,0.0,0.0,0.5
0,0.0,0.36666666666666664,0.0,0.0,0.0,0.0,1.0,1.0,0.0,0.0,0.0,0.0,0.5
0,0.0,0.6166666666666667,0.5,0.0,0.0,1.0,0.0,0.0,1.0,0.0,0.0,0.0,0.5
1,1.0,0.3333333333333333,0.0,0.0,0.0,0.0,1.0,1.0,0.0,0.0,0.0,0.0,0.5
1,1.0,0.3,0.0,0.0,0.0,1.0,0.0,0.0,1.0,0.0,0.0,0.0,0.5
0,0.0,0.8,0.0,0.0,0.0,1.0,0.0,1.0,0.0,0.0,0.0,0.0,0.5
1,1.0,0.4166666666666667,1.0,0.0,1.0,0.0,0.0,1.0,0.0,0.0,0.0,0.0,0.5
1,1.0,0.5666666666666667,0.5,0.5,1.0,0.0,0.0,0.0,1.0,0.0,0.0,0.0,0.5
0,0.0,0.26666666666666666,0.0,0.0,0.0,0.0,1.0,1.0,0.0,0.0,0.0,0.0,0.5
0,0.0,0.35,0.0,0.0,0.0,0.0,1.0,1.0,0.0,0.0,0.0,0.0,0.5
1,1.0,0.4,0.0,1.0,0.0,1.0,0.0,1.0,0.0,0.0,0.0,0.0,0.5
1,1.0,0.26666666666666666,0.5,0.0,0.0,1.0,0.0,0.0,1.0,0.0,0.0,0.0,0.5
1,1.0,0.5,0.0,0.5,1.0,0.0,0.0,1.0,0.0,0.0,0.0,0.0,0.5
0,0.0,0.9166666666666666,0.0,0.0,0.0,0.0,1.0,1.0,0.0,0.0,0.0,0.0,0.5
1,1.0,0.5,0.0,0.0,0.0,1.0,0.0,1.0,0.0,0.0,0.0,0.0,0.5
1,1.0,0.4166666666666667,0.5,0.0,0.0,0.0,1.0,0.0,1.0,0.0,0.0,0.0,0.5
1,1.0,0.16666666666666666,0.5,0.5,1.0,0.0,0.0,1.0,0.0,0.0,0.0,0.0,0.5
1,1.0,0.3972771509167841,0.0,1.0,0.0,0.0,1.0,0.0,0.0,1.0,0.0,0.0,0.5
0,0.0,0.6583333333333333,0.0,0.0,1.0,0.0,0.0,1.0,0.0,0.0,0.0,0.0,0.5
0,0.0,0.5333333333333333,0.5,0.0,1.0,0.0,0.0,1.0,0.0,0.0,0.0,0.0,0.5
0,0.0,0.16666666666666666,0.0,0.0,0.0,0.0,1.0,0.0,0.0,1.0,0.0,0.0,0.5
1,1.0,0.3972771509167841,0.0,0.0,1.0,0.0,0.0,0.0,1.0,0.0,0.0,0.0,0.5
0,0.0,0.3972771509167841,0.0,0.0,0.0,0.0,1.0,1.0,0.0,0.0,0.0,0.0,0.5
0,0.0,0.38333333333333336,0.0,0.0,1.0,0.0,0.0,0.0,1.0,0.0,0.0,0.0,0.5
1,1.0,0.5833333333333334,0.0,0.5,1.0,0.0,0.0,1.0,0.0,0.0,0.0,0.0,0.5
1,0.0,0.65,0.0,0.0,0.0,0.0,1.0,1.0,0.0,0.0,0.0,0.0,0.5
0,0.0,0.65,0.0,0.0,1.0,0.0,0.0,1.0,0.0,0.0,0.0,0.0,0.5
1,1.0,0.3,1.0,0.0,1.0,0.0,0.0,0.0,0.0,0.0,1.0,0.0,0.5
0,0.0,0.36666666666666664,0.0,0.0,0.0,1.0,0.0,1.0,0.0,0.0,0.0,0.0,0.5
0,0.0,0.31666666666666665,0.0,0.0,0.0,1.0,0.0,1.0,0.0,0.0,0.0,0.0,0.5
0,0.0,0.5,0.0,0.0,0.0,1.0,0.0,1.0,0.0,0.0,0.0,0.0,0.5
1,1.0,0.3,0.0,0.0,0.0,1.0,0.0,1.0,0.0,0.0,0.0,0.0,0.5
1,1.0,0.5666666666666667,0.0,0.0,0.0,1.0,0.0,1.0,0.0,0.0,0.0,0.0,0.5
1,1.0,0.3972771509167841,0.0,0.0,0.0,0.0,1.0,0.0,1.0,0.0,0.0,0.0,0.5
0,0.0,0.6,0.0,0.0,0.0,0.0,1.0,1.0,0.0,0.0,0.0,0.0,0.5
0,0.0,0.2833333333333333,0.0,0.0,0.0,0.0,1.0,1.0,0.0,0.0,0.0,0.0,0.5
0,0.0,0.3972771509167841,0.0,0.0,1.0,0.0,0.0,1.0,0.0,0.0,0.0,0.0,0.5
0,0.0,0.15,0.5,0.5,0.0,0.0,1.0,0.0,1.0,0.0,0.0,0.0,0.5
0,0.0,0.31666666666666665,0.0,0.0,0.0,0.0,1.0,0.0,1.0,0.0,0.0,0.0,0.5
0,0.0,0.3972771509167841,0.0,0.5,0.0,0.0,1.0,1.0,0.0,0.0,0.0,0.0,0.5
0,0.0,0.36666666666666664,0.0,0.0,0.0,0.0,1.0,1.0,0.0,0.0,0.0,0.0,0.5
1,1.0,0.26666666666666666,0.5,0.0,1.0,0.0,0.0,1.0,0.0,0.0,0.0,0.0,0.5
0,1.0,0.5333333333333333,0.0,0.0,0.0,1.0,0.0,1.0,0.0,0.0,0.0,0.0,0.5
1,1.0,0.3972771509167841,0.0,1.0,0.0,0.0,1.0,1.0,0.0,0.0,0.0,0.0,0.5
1,1.0,0.3972771509167841,0.0,1.0,0.0,0.0,1.0,1.0,0.0,0.0,0.0,0.0,0.5
0,0.0,0.38333333333333336,0.0,0.5,0.0,1.0,0.0,0.0,1.0,0.0,0.0,0.0,0.5
0,1.0,0.65,0.5,0.5,0.0,0.0,1.0,1.0,0.0,0.0,0.0,0.0,0.5
0,0.0,0.48333333333333334,0.0,0.0,0.0,0.0,1.0,1.0,0.0,0.0,0.0,0.0,0.5
0,0.0,0.3972771509167841,0.0,1.0,0.0,0.0,1.0,0.0,1.0,0.0,0.0,0.0,0.5
0,0.0,0.4,0.0,0.0,0.0,0.0,1.0,1.0,0.0,0.0,0.0,0.0,0.5
1,1.0,0.9,0.0,0.5,1.0,0.0,0.0,0.0,1.0,0.0,0.0,0.0,0.5
1,1.0,0.3972771509167841,0.0,0.5,0.0,0.0,1.0,1.0,0.0,0.0,0.0,0.0,0.5
1,1.0,0.3972771509167841,0.0,1.0,0.0,0.0,1.0,1.0,0.0,0.0,0.0,0.0,0.5
1,1.0,0.3,0.0,0.5,1.0,0.0,0.0,1.0,0.0,0.0,0.0,0.0,0.5
1,0.0,0.31666666666666665,0.0,0.5,1.0,0.0,0.0,0.0,1.0,0.0,0.0,0.0,0.5
0,0.0,0.2,0.0,0.0,0.0,0.0,1.0,0.0,1.0,0.0,0.0,0.0,0.5
0,0.0,0.21666666666666667,0.0,0.0,0.0,0.0,1.0,1.0,0.0,0.0,0.0,0.0,0.5
0,0.0,0.26666666666666666,0.0,0.5,1.0,0.0,0.0,1.0,0.0,0.0,0.0,0.0,0.5
1,1.0,0.3972771509167841,0.0,0.5,1.0,0.0,0.0,0.0,1.0,0.0,0.0,0.0,0.5
1,1.0,0.26666666666666666,0.0,0.0,0.0,0.0,1.0,1.0,0.0,0.0,0.0,0.0,0.5
0,0.0,0.35,1.0,0.5,1.0,0.0,0.0,1.0,0.0,0.0,0.0,0.0,0.5
0,0.0,0.23333333333333334,0.0,0.5,0.0,0.0,1.0,1.0,0.0,0.0,0.0,0.0,0.5
0,0.0,0.21666666666666667,0.0,0.0,0.0,0.0,1.0,1.0,0.0,0.0,0.0,0.0,0.5
1,1.0,0.6,0.0,0.5,1.0,0.0,0.0,1.0,0.0,0.0,0.0,0.0,0.5
0,0.0,0.43333333333333335,0.0,0.0,0.0,0.0,1.0,1.0,0.0,0.0,0.0,0.0,0.5
1,1.0,0.48333333333333334,0.0,0.0,1.0,0.0,0.0,0.0,1.0,0.0,0.0,0.0,0.5
0,0.0,0.3972771509167841,0.0,0.0,0.0,0.0,1.0,1.0,0.0,0.0,0.0,0.0,0.5
0,0.0,0.2,0.0,0.0,0.0,1.0,0.0,1.0,0.0,0.0,0.0,0.0,0.5
1,1.0,0.5,0.0,0.0,0.0,1.0,0.0,1.0,0.0,0.0,0.0,0.0,0.5
0,0.0,0.3972771509167841,0.0,1.0,0.0,0.0,1.0,1.0,0.0,0.0,0.0,0.0,0.5
1,1.0,0.18333333333333332,0.0,0.5,0.0,1.0,0.0,1.0,0.0,0.0,0.0,0.0,0.5
1,0.0,0.5,1.0,0.0,1.0,0.0,0.0,0.0,1.0,0.0,0.0,0.0,0.5
1,0.0,0.25,0.0,0.0,0.0,0.0,1.0,1.0,0.0,0.0,0.0,0.0,0.5
0,0.0,0.36666666666666664,0.0,0.0,0.0,0.0,1.0,0.0,0.0,1.0,0.0,0.0,0.5
1,1.0,0.2833333333333333,0.0,0.5,1.0,0.0,0.0,0.0,1.0,0.0,0.0,0.0,0.5
1,1.0,0.3,1.0,0.0,0.0,0.0,1.0,1.0,0.0,0.0,0.0,0.0,0.5
0,0.0,0.26666666666666666,0.0,0.0,0.0,0.0,1.0,1.0,0.0,0.0,0.0,0.0,0.5
0,1.0,0.4166666666666667,0.0,0.0,0.0,0.0,1.0,1.0,0.0,0.0,0.0,0.0,0.5
0,0.0,0.6666666666666666,0.0,0.0,0.0,1.0,0.0,1.0,0.0,0.0,0.0,0.0,0.5
0,0.0,0.2833333333333333,0.0,0.0,0.0,1.0,0.0,1.0,0.0,0.0,0.0,0.0,0.5
1,1.0,0.36666666666666664,0.0,0.0,0.0,1.0,0.0,1.0,0.0,0.0,0.0,0.0,0.5
1,0.0,0.55,0.0,0.0,0.0,0.0,1.0,1.0,0.0,0.0,0.0,0.0,0.5
0,0.0,0.3333333333333333,0.0,0.0,0.0,0.0,1.0,1.0,0.0,0.0,0.0,0.0,0.5
0,1.0,0.25,0.0,0.0,0.0,0.0,1.0,0.0,1.0,0.0,0.0,0.0,0.5
0,0.0,0.36666666666666664,0.0,0.0,0.0,0.0,1.0,0.0,1.0,0.0,0.0,0.0,0.5
0,1.0,0.23333333333333334,0.0,0.0,0.0,0.0,1.0,1.0,0.0,0.0,0.0,0.0,0.5
0,0.0,0.4666666666666667,0.0,0.0,0.0,1.0,0.0,0.0,1.0,0.0,0.0,0.0,0.5
0,0.0,0.75,0.0,0.0,0.0,0.0,1.0,1.0,0.0,0.0,0.0,0.0,0.5
0,0.0,0.25,0.0,0.0,0.0,0.0,1.0,1.0,0.0,0.0,0.0,0.0,0.5
0,1.0,0.3972771509167841,0.5,0.0,0.0,0.0,1.0,0.0,0.0,0.0,1.0,0.0,0.5
0,0.0,0.3972771509167841,0.0,0.0,0.0,0.0,1.0,1.0,0.0,0.0,0.0,0.0,0.5
0,0.0,0.3972771509167841,0.0,1.0,0.0,0.0,1.0,1.0,0.0,0.0,0.0,0.0,0.5
1,1.0,0.45,0.0,1.0,1.0,0.0,0.0,0.0,1.0,0.0,0.0,0.0,0.5
0,0.0,0.3972771509167841,0.0,0.0,0.0,1.0,0.0,1.0,0.0,0.0,0.0,0.0,0.5
1,0.0,0.6333333333333333,0.0,0.0,0.0,0.0,1.0,1.0,0.0,0.0,0.0,0.0,0.5
0,1.0,0.3972771509167841,0.0,0.0,0.0,0.0,1.0,1.0,0.0,0.0,0.0,0.0,0.5
1,1.0,0.4666666666666667,0.5,0.0,0.0,1.0,0.0,0.0,1.0,0.0,0.0,0.0,0.5
1,1.0,0.2,1.0,0.0,0.0,1.0,0.0,1.0,0.0,0.0,0.0,0.0,0.5
0,0.0,0.4,0.0,0.0,0.0,1.0,0.0,1.0,0.0,0.0,0.0,0.0,0.5
0,1.0,0.06666666666666667,1.0,0.0,0.0,0.0,1.0,1.0,0.0,0.0,0.0,0.0,0.5
0,0.0,0.3972771509167841,0.0,0.5,0.0,0.0,1.0,1.0,0.0,0.0,0.0,0.0,0.5
0,0.0,0.25,0.0,1.0,0.0,0.0,1.0,1.0,0.0,0.0,0.0,0.0,0.5
0,0.0,0.38333333333333336,0.0,0.0,0.0,0.0,1.0,1.0,0.0,0.0,0.0,0.0,0.5
0,1.0,0.36666666666666664,0.5,0.0,0.0,0.0,1.0,0.0,1.0,0.0,0.0,0.0,0.5
0,0.0,0.2,0.5,0.0,0.0,0.0,1.0,0.0,1.0,0.0,0.0,0.0,0.5
0,0.0,0.3972771509167841,0.0,0.0,0.0,0.0,1.0,1.0,0.0,0.0,0.0,0.0,0.5
1,1.0,0.36666666666666664,0.0,0.0,0.0,1.0,0.0,0.0,1.0,0.0,0.0,0.0,0.5
1,1.0,0.21666666666666667,0.0,0.0,0.0,1.0,0.0,1.0,0.0,0.0,0.0,0.0,0.5
0,0.0,0.3972771509167841,0.0,1.0,0.0,0.0,1.0,1.0,0.0,0.0,0.0,0.0,0.5
1,0.0,0.43333333333333335,0.0,0.0,0.0,0.0,1.0,1.0,0.0,0.0,0.0,0.0,0.5
1,0.0,0.36666666666666664,0.0,0.0,1.0,0.0,0.0,1.0,0.0,0.0,0.0,0.0,0.5
1,1.0,0.3972771509167841,0.0,0.0,0.0,0.0,1.0,0.0,1.0,0.0,0.0,0.0,0.5
1,1.0,0.6,0.0,0.0,0.0,1.0,0.0,0.0,1.0,0.0,0.0,0.0,0.5
0,0.0,0.18333333333333332,0.0,0.0,0.0,0.0,1.0,1.0,0.0,0.0,0.0,0.0,0.5
0,0.0,0.7333333333333333,0.0,0.0,1.0,0.0,0.0,0.0,1.0,0.0,0.0,0.0,0.5
1,1.0,0.13333333333333333,1.0,0.0,1.0,0.0,0.0,0.0,1.0,0.0,0.0,0.0,0.5
0,1.0,0.25,1.0,0.0,0.0,0.0,1.0,0.0,0.0,1.0,0.0,0.0,0.5
1,1.0,0.3,1.0,0.0,0.0,1.0,0.0,0.0,0.0,1.0,0.0,0.0,0.5
0,0.0,0.4166666666666667,0.0,0.0,0.0,1.0,0.0,1.0,0.0,0.0,0.0,0.0,0.5
1,1.0,0.65,0.5,0.0,0.0,1.0,0.0,0.0,1.0,0.0,0.0,0.0,0.5
0,0.0,0.23333333333333334,0.0,0.0,0.0,0.0,1.0,1.0,0.0,0.0,0.0,0.0,0.5
0,0.0,0.31666666666666665,0.0,0.0,0.0,0.0,1.0,0.0,1.0,0.0,0.0,0.0,0.5
1,1.0,0.36666666666666664,0.0,0.0,0.0,1.0,0.0,1.0,0.0,0.0,0.0,0.0,0.5
1,0.0,0.3972771509167841,0.0,0.0,0.0,0.0,1.0,1.0,0.0,0.0,0.0,0.0,0.5
1,1.0,0.11666666666666667,0.5,0.0,0.0,1.0,0.0,1.0,0.0,0.0,0.0,0.0,0.5
1,0.0,0.4666666666666667,0.0,0.0,1.0,0.0,0.0,1.0,0.0,0.0,0.0,0.0,0.5
1,0.0,0.7666666666666667,0.0,0.0,1.0,0.0,0.0,1.0,0.0,0.0,0.0,0.0,0.5
0,0.0,0.5,1.0,0.0,0.0,1.0,0.0,0.0,1.0,0.0,0.0,0.0,0.5
0,0.0,0.3972771509167841,0.0,0.0,0.0,0.0,1.0,0.0,1.0,0.0,0.0,0.0,0.5
0,0.0,0.4,0.0,0.5,1.0,0.0,0.0,1.0,0.0,0.0,0.0,0.0,0.5
1,0.0,0.7166666666666667,0.0,0.5,1.0,0.0,0.0,0.0,1.0,0.0,0.0,0.0,0.5
0,0.0,0.3972771509167841,0.0,0.0,0.0,0.0,1.0,1.0,0.0,0.0,0.0,0.0,0.5
1,0.0,0.38333333333333336,0.0,0.5,0.0,0.0,1.0,1.0,0.0,0.0,0.0,0.0,0.5
0,0.0,0.9833333333333333,0.0,0.0,1.0,0.0,0.0,1.0,0.0,0.0,0.0,0.0,0.5
1,1.0,0.3972771509167841,0.0,0.0,1.0,0.0,0.0,0.0,1.0,0.0,0.0,0.0,0.5
1,1.0,0.7333333333333333,0.0,0.0,0.0,1.0,0.0,1.0,0.0,0.0,0.0,0.0,0.5
0,0.0,0.3972771509167841,0.0,1.0,0.0,0.0,1.0,1.0,0.0,0.0,0.0,0.0,0.5
1,0.0,0.7,0.0,0.0,1.0,0.0,0.0,1.0,0.0,0.0,0.0,0.0,0.5
0,0.0,0.4666666666666667,0.0,0.0,0.0,0.0,1.0,1.0,0.0,0.0,0.0,0.0,0.5
0,0.0,0.6833333333333333,0.0,0.0,1.0,0.0,0.0,1.0,0.0,0.0,0.0,0.0,0.5
0,0.0,0.7,0.0,0.0,0.0,1.0,0.0,1.0,0.0,0.0,0.0,0.0,0.5
0,0.0,0.3972771509167841,0.0,0.0,0.0,0.0,1.0,1.0,0.0,0.0,0.0,0.0,0.5
0,0.0,0.5333333333333333,0.0,0.0,0.0,0.0,1.0,1.0,0.0,0.0,0.0,0.0,0.5
0,0.0,0.3972771509167841,0.0,0.0,0.0,1.0,0.0,1.0,0.0,0.0,0.0,0.0,0.5
0,0.0,0.8333333333333334,0.0,0.0,1.0,0.0,0.0,1.0,0.0,0.0,0.0,0.0,0.5
0,0.0,0.3972771509167841,0.0,1.0,0.0,0.0,1.0,1.0,0.0,0.0,0.0,0.0,0.5
0,0.0,0.3972771509167841,0.0,0.0,0.0,0.0,1.0,1.0,0.0,0.0,0.0,0.0,0.5
0,0.0,0.5333333333333333,0.0,0.0,0.0,0.0,1.0,1.0,0.0,0.0,0.0,0.0,0.5
1,1.0,0.45,1.0,0.0,0.0,1.0,0.0,0.0,1.0,0.0,0.0,0.0,0.5
1,1.0,0.2833333333333333,0.0,0.5,0.0,1.0,0.0,1.0,0.0,0.0,0.0,0.0,0.5
0,1.0,0.26666666666666666,0.0,0.0,0.0,0.0,1.0,1.0,0.0,0.0,0.0,0.0,0.5
0,0.0,0.3972771509167841,0.0,0.0,1.0,0.0,0.0,1.0,0.0,0.0,0.0,0.0,0.5
0,0.0,0.4666666666666667,0.0,0.0,0.0,1.0,0.0,0.0,1.0,0.0,0.0,0.0,0.5
0,0.0,0.38333333333333336,0.0,0.0,0.0,0.0,1.0,0.0,1.0,0.0,0.0,0.0,0.5
0,0.0,0.26666666666666666,0.0,0.0,0.0,0.0,1.0,1.0,0.0,0.0,0.0,0.0,0.5
0,0.0,0.3972771509167841,0.0,0.0,0.0,1.0,0.0,1.0,0.0,0.0,0.0,0.0,0.5
0,0.0,0.7333333333333333,0.0,0.0,0.0,0.0,1.0,1.0,0.0,0.0,0.0,0.0,0.5
1,1.0,0.95,0.0,0.0,0.0,0.0,1.0,1.0,0.0,0.0,0.0,0.0,0.5
1,0.0,0.31666666666666665,0.0,0.5,1.0,0.0,0.0,0.0,1.0,0.0,0.0,0.0,0.5
0,1.0,0.3972771509167841,0.5,0.0,0.0,0.0,1.0,0.0,0.0,0.0,1.0,0.0,0.5
1,1.0,0.48333333333333334,0.0,0.0,1.0,0.0,0.0,0.0,1.0,0.0,0.0,0.0,0.5
0,0.0,0.8666666666666667,0.0,0.5,1.0,0.0,0.0,1.0,0.0,0.0,0.0,0.0,0.5
0,0.0,0.4,0.0,0.0,0.0,0.0,1.0,1.0,0.0,0.0,0.0,0.0,0.5
1,0.0,0.05,0.5,0.0,0.0,0.0,1.0,0.0,1.0,0.0,0.0,0.0,0.5
0,0.0,0.3972771509167841,0.0,0.0,0.0,0.0,1.0,0.0,1.0,0.0,0.0,0.0,0.5
0,0.0,0.25,0.0,0.0,0.0,0.0,1.0,1.0,0.0,0.0,0.0,0.0,0.5
0,0.0,0.8166666666666667,0.0,0.0,1.0,0.0,0.0,1.0,0.0,0.0,0.0,0.0,0.5
0,0.0,0.25,0.0,0.0,0.0,0.0,1.0,1.0,0.0,0.0,0.0,0.0,0.5
0,0.0,0.3972771509167841,0.0,0.5,0.0,0.0,1.0,1.0,0.0,0.0,0.0,0.0,0.5
1,1.0,0.8,0.0,0.5,1.0,0.0,0.0,0.0,1.0,0.0,0.0,0.0,0.5
0,0.0,0.3972771509167841,0.0,0.0,0.0,0.0,1.0,1.0,0.0,0.0,0.0,0.0,0.5
0,1.0,0.31666666666666665,1.0,0.0,1.0,0.0,0.0,0.0,1.0,0.0,0.0,0.0,0.5
0,0.0,0.3,0.0,0.0,0.0,0.0,1.0,1.0,0.0,0.0,0.0,0.0,0.5
0,0.0,0.18333333333333332,0.0,0.0,0.0,0.0,1.0,1.0,0.0,0.0,0.0,0.0,0.5
0,1.0,0.25,0.0,1.0,0.0,0.0,1.0,1.0,0.0,0.0,0.0,0.0,0.5
0,1.0,0.3972771509167841,0.0,1.0,0.0,0.0,1.0,1.0,0.0,0.0,0.0,0.0,0.5
0,1.0,0.5166666666666667,0.0,0.0,0.0,0.0,1.0,1.0,0.0,0.0,0.0,0.0,0.5
1,1.0,0.16666666666666666,0.0,0.0,1.0,0.0,0.0,1.0,0.0,0.0,0.0,0.0,0.5
0,0.0,0.2,0.0,0.5,1.0,0.0,0.0,0.0,1.0,0.0,0.0,0.0,0.5
1,1.0,0.45,1.0,0.0,0.0,1.0,0.0,1.0,0.0,0.0,0.0,0.0,0.5
1,0.0,0.3972771509167841,0.0,0.0,1.0,0.0,0.0,1.0,0.0,0.0,0.0,0.0,0.5
0,0.0,0.36666666666666664,0.0,0.0,0.0,0.0,1.0,1.0,0.0,0.0,0.0,0.0,0.5
1,0.0,0.3333333333333333,0.0,0.0,0.0,0.0,1.0,1.0,0.0,0.0,0.0,0.0,0.5
1,0.0,0.38333333333333336,0.0,1.0,0.0,0.0,1.0,1.0,0.0,0.0,0.0,0.0,0.5
0,0.0,0.3972771509167841,0.0,0.0,0.0,0.0,1.0,1.0,0.0,0.0,0.0,0.0,0.5
1,0.0,0.5,0.0,0.0,1.0,0.0,0.0,1.0,0.0,0.0,0.0,0.0,0.5
1,1.0,0.8,0.0,0.5,1.0,0.0,0.0,0.0,1.0,0.0,0.0,0.0,0.5
0,0.0,0.3,0.0,0.0,0.0,0.0,1.0,1.0,0.0,0.0,0.0,0.0,0.5
0,0.0,0.6833333333333333,0.0,0.0,1.0,0.0,0.0,1.0,0.0,0.0,0.0,0.0,0.5
1,1.0,0.4666666666666667,0.0,0.0,0.0,1.0,0.0,1.0,0.0,0.0,0.0,0.0,0.5
0,0.0,0.3972771509167841,0.0,1.0,0.0,0.0,1.0,1.0,0.0,0.0,0.0,0.0,0.5
1,1.0,0.5,0.0,0.0,0.0,1.0,0.0,0.0,1.0,0.0,0.0,0.0,0.5
0,0.0,0.43333333333333335,0.0,0.0,0.0,0.0,1.0,1.0,0.0,0.0,0.0,0.0,0.5
1,1.0,0.4,0.0,0.0,1.0,0.0,0.0,1.0,0.0,0.0,0.0,0.0,0.5
0,0.0,0.26666666666666666,0.0,0.0,0.0,0.0,1.0,1.0,0.0,0.0,0.0,0.0,0.5
0,0.0,0.3972771509167841,0.0,0.5,0.0,0.0,1.0,1.0,0.0,0.0,0.0,0.0,0.5
1,1.0,0.6333333333333333,0.5,0.5,1.0,0.0,0.0,1.0,0.0,0.0,0.0,0.0,0.5
0,0.0,0.3972771509167841,0.0,0.5,0.0,0.0,1.0,1.0,0.0,0.0,0.0,0.0,0.5
0,0.0,0.575,0.0,1.0,0.0,0.0,1.0,1.0,0.0,0.0,0.0,0.0,0.5
1,1.0,0.7333333333333333,0.0,0.0,0.0,1.0,0.0,1.0,0.0,0.0,0.0,0.0,0.5
0,0.0,0.3972771509167841,0.0,0.0,1.0,0.0,0.0,1.0,0.0,0.0,0.0,0.0,0.5
0,0.0,0.55,0.0,0.0,0.0,0.0,1.0,1.0,0.0,0.0,0.0,0.0,0.5
0,0.0,0.2833333333333333,0.5,0.0,0.0,1.0,0.0,0.0,0.0,1.0,0.0,0.0,0.5
0,0.0,0.3972771509167841,0.0,0.5,0.0,0.0,1.0,1.0,0.0,0.0,0.0,0.0,0.5
0,0.0,0.18333333333333332,0.5,0.5,0.0,0.0,1.0,0.0,1.0,0.0,0.0,0.0,0.5
1,1.0,0.3972771509167841,1.0,0.5,0.0,0.0,1.0,1.0,0.0,0.0,0.0,0.0,0.5
0,1.0,0.4,0.0,0.0,0.0,0.0,1.0,1.0,0.0,0.0,0.0,0.0,0.5
1,1.0,0.016666666666666666,1.0,0.0,0.0,1.0,0.0,1.0,0.0,0.0,0.0,0.0,0.5
0,0.0,0.65,0.0,0.0,1.0,0.0,0.0,1.0,0.0,0.0,0.0,0.0,0.5
1,1.0,0.4,0.0,0.5,1.0,0.0,0.0,1.0,0.0,0.0,0.0,0.0,0.5
0,0.0,0.3972771509167841,0.0,0.0,0.0,0.0,1.0,1.0,0.0,0.0,0.0,0.0,0.5
1,1.0,0.26666666666666666,1.0,0.5,1.0,0.0,0.0,1.0,0.0,0.0,0.0,0.0,0.5
1,1.0,0.5,1.0,0.0,1.0,0.0,0.0,1.0,0.0,0.0,0.0,0.0,0.5
0,1.0,0.05,1.0,0.0,0.0,0.0,1.0,0.0,0.0,0.0,0.0,1.0,0.5
0,1.0,0.08333333333333333,1.0,0.0,0.0,0.0,1.0,0.0,0.0,0.0,0.0,1.0,0.5
1,0.0,0.43333333333333335,0.0,0.0,0.0,1.0,0.0,0.0,1.0,0.0,0.0,0.0,0.5
0,0.0,0.7333333333333333,0.0,0.5,1.0,0.0,0.0,0.0,1.0,0.0,0.0,0.0,0.5
0,0.0,0.9666666666666667,0.0,0.0,1.0,0.0,0.0,1.0,0.0,0.0,0.0,0.0,0.5
1,1.0,0.21666666666666667,0.0,0.0,0.0,1.0,0.0,0.0,1.0,0.0,0.0,0.0,0.5
1,0.0,0.3972771509167841,0.0,0.5,0.0,1.0,0.0,1.0,0.0,0.0,0.0,0.0,0.5
0,0.0,0.45,0.5,0.0,0.0,0.0,1.0,0.0,1.0,0.0,0.0,0.0,0.5
1,0.0,0.03333333333333333,0.5,0.0,0.0,1.0,0.0,0.0,1.0,0.0,0.0,0.0,0.5
1,0.0,0.18333333333333332,1.0,0.5,1.0,0.0,0.0,1.0,0.0,0.0,0.0,0.0,0.5
0,0.0,0.35,0.0,0.0,0.0,1.0,0.0,1.0,0.0,0.0,0.0,0.0,0.5
0,0.0,0.3972771509167841,0.0,1.0,0.0,0.0,1.0,1.0,0.0,0.0,0.0,0.0,0.5
1,0.0,0.26666666666666666,0.0,0.5,0.0,0.0,1.0,1.0,0.0,0.0,0.0,0.0,0.5
1,1.0,0.26666666666666666,0.0,0.0,0.0,0.0,1.0,1.0,0.0,0.0,0.0,0.0,0.5
0,0.0,0.9333333333333333,0.0,0.0,1.0,0.0,0.0,1.0,0.0,0.0,0.0,0.0,0.5
1,1.0,0.7,0.0,0.5,1.0,0.0,0.0,0.0,1.0,0.0,0.0,0.0,0.5
0,0.0,0.3972771509167841,0.0,0.5,1.0,0.0,0.0,1.0,0.0,0.0,0.0,0.0,0.5
1,1.0,0.55,0.5,0.0,1.0,0.0,0.0,0.0,1.0,0.0,0.0,0.0,0.5
1,1.0,0.5,0.0,0.0,0.0,0.0,1.0,0.0,1.0,0.0,0.0,0.0,0.5
0,0.0,0.3972771509167841,0.0,1.0,0.0,0.0,1.0,1.0,0.0,0.0,0.0,0.0,0.5
0,0.0,0.5666666666666667,0.0,0.0,0.0,0.0,1.0,1.0,0.0,0.0,0.0,0.0,0.5
0,0.0,0.36666666666666664,0.0,0.0,0.0,1.0,0.0,1.0,0.0,0.0,0.0,0.0,0.5
0,0.0,0.3972771509167841,0.0,0.0,0.0,0.0,1.0,1.0,0.0,0.0,0.0,0.0,0.5
0,1.0,0.3972771509167841,0.0,0.0,0.0,0.0,1.0,1.0,0.0,0.0,0.0,0.0,0.5
0,0.0,0.3,0.0,0.0,0.0,0.0,1.0,0.0,0.0,1.0,0.0,0.0,0.5
0,0.0,0.21666666666666667,0.0,0.0,0.0,0.0,1.0,1.0,0.0,0.0,0.0,0.0,0.5
0,0.0,0.3972771509167841,0.0,0.5,0.0,0.0,1.0,1.0,0.0,0.0,0.0,0.0,0.5
1,0.0,0.43333333333333335,0.0,0.0,0.0,0.0,1.0,1.0,0.0,0.0,0.0,0.0,0.5
1,0.0,0.9333333333333333,0.0,0.0,0.0,1.0,0.0,1.0,0.0,0.0,0.0,0.0,0.5
1,1.0,0.7833333333333333,0.0,0.0,1.0,0.0,0.0,0.0,0.0,1.0,0.0,0.0,0.5
1,0.0,0.5,0.0,0.0,1.0,0.0,0.0,1.0,0.0,0.0,0.0,0.0,0.5
1,1.0,0.3972771509167841,0.0,1.0,0.0,0.0,1.0,1.0,0.0,0.0,0.0,0.0,0.5
0,0.0,0.16666666666666666,0.0,0.0,0.0,0.0,1.0,1.0,0.0,0.0,0.0,0.0,0.5
0,0.0,0.21666666666666667,0.0,0.0,0.0,0.0,1.0,1.0,0.0,0.0,0.0,0.0,0.5
1,1.0,0.4666666666666667,0.0,0.0,0.0,1.0,0.0,1.0,0.0,0.0,0.0,0.0,0.5
1,1.0,0.55,0.0,0.0,1.0,0.0,0.0,0.0,1.0,0.0,0.0,0.0,0.5
0,1.0,0.3972771509167841,0.0,0.5,0.0,0.0,1.0,0.0,1.0,0.0,0.0,0.0,0.5
1,0.0,0.43333333333333335,0.0,0.0,0.0,0.0,1.0,1.0,0.0,0.0,0.0,0.0,0.5
1,1.0,0.31666666666666665,0.5,0.0,0.0,1.0,0.0,0.0,1.0,0.0,0.0,0.0,0.5
1,1.0,0.55,0.5,0.5,1.0,0.0,0.0,0.0,1.0,0.0,0.0,0.0,0.5
0,0.0,0.8,0.0,0.0,0.0,1.0,0.0,1.0,0.0,0.0,0.0,0.0,0.5
0,0.0,0.5,0.0,0.5,1.0,0.0,0.0,1.0,0.0,0.0,0.0,0.0,0.5
0,0.0,0.3972771509167841,0.0,0.5,0.0,0.0,1.0,1.0,0.0,0.0,0.0,0.0,0.5
1,1.0,0.2,1.0,0.0,1.0,0.0,0.0,1.0,0.0,0.0,0.0,0.0,0.5
0,0.0,0.6833333333333333,0.0,0.0,0.0,1.0,0.0,1.0,0.0,0.0,0.0,0.0,0.5
1,0.0,0.9,0.5,0.5,1.0,0.0,0.0,0.0,1.0,0.0,0.0,0.0,0.5
0,0.0,0.26666666666666666,0.0,0.0,0.0,0.0,1.0,1.0,0.0,0.0,0.0,0.0,0.5
0,0.0,0.3972771509167841,0.0,0.0,0.0,0.0,1.0,1.0,0.0,0.0,0.0,0.0,0.5
0,0.0,0.48333333333333334,0.0,0.0,0.0,0.0,1.0,1.0,0.0,0.0,0.0,0.0,0.5
1,1.0,0.7666666666666667,0.0,0.5,1.0,0.0,0.0,0.0,1.0,0.0,0.0,0.0,0.5
0,0.0,0.6833333333333333,0.0,0.0,0.0,0.0,1.0,1.0,0.0,0.0,0.0,0.0,0.5
0,1.0,0.3972771509167841,1.0,1.0,0.0,0.0,1.0,1.0,0.0,0.0,0.0,0.0,0.5
0,0.0,0.5166666666666667,0.0,0.0,0.0,1.0,0.0,0.0,1.0,0.0,0.0,0.0,0.5
0,0.0,0.5,0.5,0.0,0.0,0.0,1.0,0.0,1.0,0.0,0.0,0.0,0.5
1,1.0,0.3972771509167841,0.0,0.0,0.0,1.0,0.0,1.0,0.0,0.0,0.0,0.0,0.5
0,0.0,0.7166666666666667,0.0,0.0,0.0,0.0,1.0,1.0,0.0,0.0,0.0,0.0,0.5
0,0.0,0.3972771509167841,0.0,0.5,0.0,0.0,1.0,1.0,0.0,0.0,0.0,0.0,0.5
1,0.0,0.7166666666666667,0.0,0.5,1.0,0.0,0.0,0.0,1.0,0.0,0.0,0.0,0.5
1,1.0,0.3,0.5,0.0,0.0,1.0,0.0,0.0,0.0,1.0,0.0,0.0,1.0
0,0.0,0.3972771509167841,0.0,0.0,0.0,0.0,1.0,1.0,0.0,0.0,0.0,0.0,1.0
0,0.0,0.3972771509167841,0.0,0.0,1.0,0.0,0.0,1.0,0.0,0.0,0.0,0.0,1.0
0,0.0,0.6333333333333333,0.0,0.0,0.0,0.0,1.0,1.0,0.0,0.0,0.0,0.0,1.0
1,0.0,0.48333333333333334,0.0,0.5,1.0,0.0,0.0,1.0,0.0,0.0,0.0,0.0,1.0
0,0.0,0.5,0.0,0.0,0.0,0.0,1.0,0.0,1.0,0.0,0.0,0.0,1.0
0,0.0,0.4,0.0,0.0,0.0,0.0,1.0,1.0,0.0,0.0,0.0,0.0,1.0
1,0.0,0.35,0.0,0.0,1.0,0.0,0.0,1.0,0.0,0.0,0.0,0.0,1.0
1,1.0,0.26666666666666666,1.0,0.5,0.0,1.0,0.0,0.0,1.0,0.0,0.0,0.0,1.0
1,1.0,0.5666666666666667,0.0,0.0,1.0,0.0,0.0,1.0,0.0,0.0,0.0,0.0,1.0
0,0.0,0.3972771509167841,0.0,0.0,0.0,0.0,1.0,1.0,0.0,0.0,0.0,0.0,1.0
1,1.0,0.3972771509167841,0.0,1.0,0.0,0.0,1.0,0.0,1.0,0.0,0.0,0.0,1.0
0,0.0,0.3972771509167841,0.0,1.0,0.0,0.0,1.0,1.0,0.0,0.0,0.0,0.0,1.0
0,0.0,0.48333333333333334,0.0,0.0,0.0,0.0,1.0,1.0,0.0,0.0,0.0,0.0,1.0
1,1.0,0.3,1.0,0.0,0.0,1.0,0.0,0.0,1.0,0.0,0.0,0.0,1.0
0,0.0,0.4666666666666667,0.5,0.0,0.0,0.0,1.0,0.0,1.0,0.0,0.0,0.0,1.0
0,1.0,0.3333333333333333,0.0,0.0,0.0,0.0,1.0,0.0,1.0,0.0,0.0,0.0,1.0
0,0.0,0.3333333333333333,0.0,0.0,0.0,1.0,0.0,1.0,0.0,0.0,0.0,0.0,1.0
0,0.0,0.35,0.0,0.5,0.0,0.0,1.0,0.0,1.0,0.0,0.0,0.0,1.0
1,0.0,0.6,0.0,0.0,1.0,0.0,0.0,0.0,1.0,0.0,0.0,0.0,1.0
1,0.0,0.23333333333333334,0.5,0.5,0.0,0.0,1.0,0.0,1.0,0.0,0.0,0.0,1.0
0,0.0,0.25,0.0,0.0,0.0,0.0,1.0,1.0,0.0,0.0,0.0,0.0,1.0
0,0.0,0.25,0.0,0.0,0.0,0.0,1.0,1.0,0.0,0.0,0.0,0.0,1.0
0,0.0,0.9166666666666666,0.0,0.0,1.0,0.0,0.0,1.0,0.0,0.0,0.0,0.0,1.0
0,0.0,0.85,0.0,1.0,0.0,1.0,0.0,1.0,0.0,0.0,0.0,0.0,1.0
1,1.0,0.25,0.0,0.0,1.0,0.0,0.0,1.0,0.0,0.0,0.0,0.0,1.0
0,0.0,0.3333333333333333,0.0,0.0,0.0,0.0,1.0,1.0,0.0,0.0,0.0,0.0,1.0
0,0.0,0.3972771509167841,0.0,1.0,0.0,0.0,1.0,1.0,0.0,0.0,0.0,0.0,1.0
0,0.0,0.75,0.0,0.0,0.0,0.0,1.0,1.0,0.0,0.0,0.0,0.0,1.0
1,0.0,0.43333333333333335,0.0,0.5,1.0,0.0,0.0,1.0,0.0,0.0,0.0,0.0,1.0
0,0.0,0.3972771509167841,0.0,0.0,1.0,0.0,0.0,1.0,0.0,0.0,0.0,0.0,1.0
0,1.0,0.05,1.0,0.0,0.0,0.0,1.0,0.0,0.0,0.0,1.0,0.0,1.0
1,1.0,0.36666666666666664,0.0,0.0,0.0,1.0,0.0,1.0,0.0,0.0,0.0,0.0,1.0
0,0.0,0.43333333333333335,0.0,0.0,0.0,0.0,1.0,1.0,0.0,0.0,0.0,0.0,1.0
0,0.0,0.4166666666666667,0.5,0.0,0.0,1.0,0.0,0.0,1.0,0.0,0.0,0.0,1.0
0,0.0,0.3972771509167841,0.0,0.0,0.0,0.0,1.0,0.0,1.0,0.0,0.0,0.0,1.0
0,0.0,0.23333333333333334,0.0,0.0,0.0,0.0,1.0,1.0,0.0,0.0,0.0,0.0,1.0
1,1.0,0.3,0.0,0.5,1.0,0.0,0.0,1.0,0.0,0.0,0.0,0.0,1.0
1,0.0,0.3972771509167841,0.0,0.0,0.0,0.0,1.0,1.0,0.0,0.0,0.0,0.0,1.0
1,0.0,0.7,0.0,0.5,1.0,0.0,0.0,0.0,1.0,0.0,0.0,0.0,1.0
0,0.0,0.21666666666666667,0.0,0.0,0.0,0.0,1.0,1.0,0.0,0.0,0.0,0.0,1.0
1,0.0,0.8333333333333334,0.0,0.5,1.0,0.0,0.0,1.0,0.0,0.0,0.0,0.0,1.0
0,0.0,0.3972771509167841,0.0,0.0,0.0,0.0,1.0,1.0,0.0,0.0,0.0,0.0,1.0
1,1.0,0.2833333333333333,0.0,0.0,0.0,0.0,1.0,1.0,0.0,0.0,0.0,0.0,1.0
0,0.0,0.3972771509167841,0.0,0.0,0.0,0.0,1.0,1.0,0.0,0.0,0.0,0.0,1.0
1,1.0,0.2,0.5,0.0,0.0,1.0,0.0,1.0,0.0,0.0,0.0,0.0,1.0
0,0.0,0.25,0.0,0.0,0.0,0.0,1.0,1.0,0.0,0.0,0.0,0.0,1.0
1,1.0,0.3972771509167841,0.0,1.0,0.0,0.0,1.0,1.0,0.0,0.0,0.0,0.0,1.0
0,1.0,0.2,0.0,1.0,0.0,0.0,1.0,1.0,0.0,0.0,0.0,0.0,1.0
0,0.0,0.3,0.0,0.0,0.0,1.0,0.0,0.0,0.0,1.0,0.0,0.0,1.0
0,0.0,0.3972771509167841,0.0,0.0,0.0,0.0,1.0,1.0,0.0,0.0,0.0,0.0,1.0
0,1.0,0.43333333333333335,0.5,1.0,0.0,0.0,1.0,0.0,1.0,0.0,0.0,0.0,1.0
0,0.0,0.2833333333333333,0.0,0.0,0.0,1.0,0.0,1.0,0.0,0.0,0.0,0.0,1.0
0,0.0,0.8666666666666667,1.0,0.5,1.0,0.0,0.0,1.0,0.0,0.0,0.0,0.0,1.0
1,0.0,0.7333333333333333,0.0,0.0,1.0,0.0,0.0,0.0,0.0,1.0,0.0,0.0,1.0
0,0.0,0.5666666666666667,0.0,0.5,0.0,0.0,1.0,1.0,0.0,0.0,0.0,0.0,1.0
0,0.0,0.6833333333333333,0.0,0.0,1.0,0.0,0.0,1.0,0.0,0.0,0.0,0.0,1.0
0,0.0,0.5,0.0,0.0,0.0,0.0,1.0,1.0,0.0,0.0,0.0,0.0,1.0
1,0.0,0.23333333333333334,0.0,0.0,0.0,0.0,1.0,0.0,1.0,0.0,0.0,0.0,1.0
0,0.0,0.43333333333333335,0.0,0.0,0.0,1.0,0.0,0.0,0.0,1.0,0.0,0.0,1.0
0,0.0,0.31666666666666665,0.0,0.0,0.0,1.0,0.0,1.0,0.0,0.0,0.0,0.0,1.0
0,0.0,0.3972771509167841,0.0,0.0,0.0,0.0,1.0,1.0,0.0,0.0,0.0,0.0,1.0
0,0.0,0.6166666666666667,0.0,0.0,0.0,0.0,1.0,1.0,0.0,0.0,0.0,0.0,1.0
1,1.0,0.3972771509167841,0.0,0.0,1.0,0.0,0.0,0.0,1.0,0.0,0.0,0.0,1.0
1,1.0,0.5666666666666667,0.5,0.0,0.0,1.0,0.0,0.0,1.0,0.0,0.0,0.0,1.0
0,0.0,0.4166666666666667,0.0,0.0,1.0,0.0,0.0,0.0,1.0,0.0,0.0,0.0,1.0
1,0.0,0.4166666666666667,0.0,0.0,0.0,1.0,0.0,1.0,0.0,0.0,0.0,0.0,1.0
0,0.0,0.3972771509167841,0.0,0.0,0.0,1.0,0.0,1.0,0.0,0.0,0.0,0.0,1.0
0,0.0,0.2,0.0,0.0,0.0,0.0,1.0,1.0,0.0,0.0,0.0,0.0,1.0
0,0.0,0.30833333333333335,0.0,0.0,0.0,0.0,1.0,1.0,0.0,0.0,0.0,0.0,1.0
1,1.0,0.2,0.0,0.0,0.0,0.0,1.0,1.0,0.0,0.0,0.0,0.0,1.0
1,0.0,0.5,0.5,0.5,1.0,0.0,0.0,1.0,0.0,0.0,0.0,0.0,1.0
0,1.0,0.3972771509167841,0.0,1.0,0.0,0.0,1.0,1.0,0.0,0.0,0.0,0.0,1.0
1,0.0,0.35,0.0,0.5,1.0,0.0,0.0,1.0,0.0,0.0,0.0,0.0,1.0
0,0.0,0.23333333333333334,0.0,0.0,0.0,0.0,1.0,1.0,0.0,0.0,0.0,0.0,1.0
0,0.0,0.9,0.5,0.0,0.0,1.0,0.0,0.0,1.0,0.0,0.0,0.0,1.0
0,0.0,0.31666666666666665,1.0,0.5,0.0,1.0,0.0,0.0,1.0,0.0,0.0,0.0,1.0
0,0.0,0.13333333333333333,0.5,0.0,0.0,0.0,1.0,0.0,0.0,0.0,0.0,1.0,1.0
0,0.0,0.21666666666666667,0.0,0.0,0.0,0.0,1.0,1.0,0.0,0.0,0.0,0.0,1.0
0,0.0,0.2,0.0,0.0,0.0,0.0,1.0,1.0,0.0,0.0,0.0,0.0,1.0
1,1.0,0.15,0.5,0.0,1.0,0.0,0.0,1.0,0.0,0.0,0.0,0.0,1.0
1,0.0,0.4166666666666667,0.0,0.0,1.0,0.0,0.0,0.0,1.0,0.0,0.0,0.0,1.0
1,0.0,0.3972771509167841,0.0,0.0,0.0,0.0,1.0,1.0,0.0,0.0,0.0,0.0,1.0
0,0.0,0.31666666666666665,0.0,0.5,0.0,0.0,1.0,1.0,0.0,0.0,0.0,0.0,1.0
0,0.0,0.9,0.0,0.0,1.0,0.0,0.0,1.0,0.0,0.0,0.0,0.0,1.0
0,0.0,0.7666666666666667,0.0,0.0,0.0,1.0,0.0,1.0,0.0,0.0,0.0,0.0,1.0
0,0.0,0.6333333333333333,0.0,0.0,0.0,0.0,1.0,1.0,0.0,0.0,0.0,0.0,1.0
1,1.0,0.3972771509167841,0.0,1.0,0.0,0.0,1.0,1.0,0.0,0.0,0.0,0.0,1.0
0,0.0,0.7166666666666667,0.5,0.5,1.0,0.0,0.0,0.0,1.0,0.0,0.0,0.0,1.0
0,0.0,0.6,0.0,0.0,0.0,0.0,1.0,1.0,0.0,0.0,0.0,0.0,1.0
1,1.0,0.2,0.0,0.5,1.0,0.0,0.0,0.0,1.0,0.0,0.0,0.0,1.0
1,0.0,0.48333333333333334,0.0,0.0,1.0,0.0,0.0,1.0,0.0,0.0,0.0,0.0,1.0
0,1.0,0.2,0.5,0.5,0.0,0.0,1.0,1.0,0.0,0.0,0.0,0.0,1.0
0,0.0,0.31666666666666665,0.0,1.0,0.0,0.0,1.0,1.0,0.0,0.0,0.0,0.0,1.0
0,0.0,0.3333333333333333,0.0,0.0,0.0,0.0,1.0,0.0,1.0,0.0,0.0,0.0,1.0
0,0.0,0.55,0.0,0.0,0.0,1.0,0.0,1.0,0.0,0.0,0.0,0.0,1.0
1,1.0,0.65,0.0,0.0,0.0,1.0,0.0,1.0,0.0,0.0,0.0,0.0,1.0
1,0.0,0.6,0.0,0.0,1.0,0.0,0.0,1.0,0.0,0.0,0.0,0.0,1.0
1,1.0,0.26666666666666666,0.0,0.0,1.0,0.0,0.0,1.0,0.0,0.0,0.0,0.0,1.0
1,0.0,0.3972771509167841,0.5,0.5,0.0,0.0,1.0,0.0,1.0,0.0,0.0,0.0,1.0
1,1.0,0.3,0.0,0.5,1.0,0.0,0.0,1.0,0.0,0.0,0.0,0.0,1.0
0,0.0,0.3972771509167841,0.0,0.0,1.0,0.0,0.0,1.0,0.0,0.0,0.0,0.0,1.0
1,0.0,0.7,0.0,0.0,1.0,0.0,0.0,0.0,1.0,0.0,0.0,0.0,1.0
0,0.0,0.38333333333333336,0.0,0.0,0.0,0.0,1.0,1.0,0.0,0.0,0.0,0.0,1.0
0,0.0,0.7666666666666667,0.0,0.0,0.0,1.0,0.0,1.0,0.0,0.0,0.0,0.0,1.0
0,0.0,0.21666666666666667,0.0,0.0,0.0,0.0,1.0,1.0,0.0,0.0,0.0,0.0,1.0
1,1.0,0.5333333333333333,0.0,0.5,1.0,0.0,0.0,1.0,0.0,0.0,0.0,0.0,1.0
1,1.0,0.35,0.0,0.0,0.0,1.0,0.0,1.0,0.0,0.0,0.0,0.0,1.0
0,0.0,0.3972771509167841,0.0,1.0,0.0,0.0,1.0,1.0,0.0,0.0,0.0,0.0,1.0
0,0.0,0.45,0.0,0.0,0.0,0.0,1.0,1.0,0.0,0.0,0.0,0.0,1.0
1,1.0,0.0,0.5,0.0,0.0,1.0,0.0,1.0,0.0,0.0,0.0,0.0,1.0
0,0.0,0.18333333333333332,0.0,0.0,0.0,0.0,1.0,0.0,1.0,0.0,0.0,0.0,1.0
0,0.0,0.4666666666666667,0.0,0.0,0.0,1.0,0.0,1.0,0.0,0.0,0.0,0.0,1.0
0,0.0,0.7333333333333333,0.0,0.0,0.0,1.0,0.0,1.0,0.0,0.0,0.0,0.0,1.0
1,0.0,0.35,0.0,0.0,1.0,0.0,0.0,0.0,1.0,0.0,0.0,0.0,1.0
0,0.0,0.23333333333333334,0.0,0.0,0.0,0.0,1.0,1.0,0.0,0.0,0.0,0.0,1.0
1,1.0,0.4,0.0,0.0,0.0,1.0,0.0,0.0,0.0,0.0,1.0,0.0,1.0
1,1.0,0.3972771509167841,0.0,1.0,0.0,0.0,1.0,1.0,0.0,0.0,0.0,0.0,1.0
0,0.0,0.31666666666666665,0.0,0.0,0.0,1.0,0.0,0.0,1.0,0.0,0.0,0.0,1.0
0,1.0,0.31666666666666665,0.0,0.0,0.0,0.0,1.0,0.0,1.0,0.0,0.0,0.0,1.0
1,1.0,0.38333333333333336,0.0,0.0,1.0,0.0,0.0,1.0,0.0,0.0,0.0,0.0,1.0
0,0.0,0.08333333333333333,0.0,0.5,0.0,0.0,1.0,1.0,0.0,0.0,0.0,0.0,1.0
0,0.0,0.3972771509167841,0.0,0.0,0.0,1.0,0.0,1.0,0.0,0.0,0.0,0.0,1.0
0,0.0,0.2833333333333333,0.0,0.0,0.0,1.0,0.0,1.0,0.0,0.0,0.0,0.0,1.0
0,0.0,0.2833333333333333,0.0,0.0,0.0,1.0,0.0,1.0,0.0,0.0,0.0,0.0,1.0
0,0.0,0.375,0.0,0.0,0.0,0.0,1.0,1.0,0.0,0.0,0.0,0.0,1.0
0,1.0,0.7,1.0,0.0,0.0,0.0,1.0,0.0,1.0,0.0,0.0,0.0,1.0
1,0.0,0.48333333333333334,0.0,0.5,1.0,0.0,0.0,1.0,0.0,0.0,0.0,0.0,1.0
0,0.0,0.3972771509167841,0.0,0.0,0.0,0.0,1.0,1.0,0.0,0.0,0.0,0.0,1.0
0,0.0,0.3972771509167841,0.0,0.0,0.0,0.0,1.0,1.0,0.0,0.0,0.0,0.0,1.0
1,0.0,0.3972771509167841,0.0,0.0,1.0,0.0,0.0,1.0,0.0,0.0,0.0,0.0,1.0
0,0.0,0.5,0.0,0.0,1.0,0.0,0.0,0.0,1.0,0.0,0.0,0.0,1.0
1,1.0,0.25,1.0,0.5,1.0,0.0,0.0,0.0,0.0,1.0,0.0,0.0,1.0
0,0.0,0.3,0.0,0.0,0.0,0.0,1.0,0.0,1.0,0.0,0.0,0.0,1.0
1,0.0,0.4166666666666667,0.0,0.0,0.0,0.0,1.0,1.0,0.0,0.0,0.0,0.0,1.0
0,0.0,0.16666666666666666,0.5,0.0,0.0,0.0,1.0,0.0,1.0,0.0,0.0,0.0,1.0
1,1.0,0.4,0.0,0.0,0.0,1.0,0.0,1.0,0.0,0.0,0.0,0.0,1.0
0,0.0,0.21666666666666667,0.0,0.0,1.0,0.0,0.0,0.0,1.0,0.0,0.0,0.0,1.0
0,0.0,0.4166666666666667,0.0,1.0,0.0,0.0,1.0,1.0,0.0,0.0,0.0,0.0,1.0
1,0.0,0.0,0.5,0.0,0.0,0.0,1.0,1.0,0.0,0.0,0.0,0.0,1.0
0,0.0,0.45,0.0,0.0,0.0,0.0,1.0,1.0,0.0,0.0,0.0,0.0,1.0
0,0.0,0.2833333333333333,0.0,0.0,0.0,0.0,1.0,1.0,0.0,0.0,0.0,0.0,1.0
1,1.0,0.7,1.0,0.0,0.0,1.0,0.0,0.0,1.0,0.0,0.0,0.0,1.0
0,0.0,0.36666666666666664,0.0,0.0,0.0,0.0,1.0,1.0,0.0,0.0,0.0,0.0,1.0
0,0.0,0.2,0.0,0.0,0.0,1.0,0.0,1.0,0.0,0.0,0.0,0.0,1.0
0,0.0,0.4666666666666667,0.0,0.0,0.0,0.0,1.0,1.0,0.0,0.0,0.0,0.0,1.0
1,1.0,0.45,0.0,0.0,1.0,0.0,0.0,1.0,0.0,0.0,0.0,0.0,1.0
0,0.0,0.3972771509167841,0.0,0.0,0.0,0.0,1.0,1.0,0.0,0.0,0.0,0.0,1.0
0,0.0,0.5833333333333334,0.0,0.0,0.0,0.0,1.0,1.0,0.0,0.0,0.0,0.0,1.0
1,0.0,0.23333333333333334,0.0,0.5,0.0,0.0,1.0,1.0,0.0,0.0,0.0,0.0,1.0
1,1.0,0.5,1.0,0.0,1.0,0.0,0.0,0.0,1.0,0.0,0.0,0.0,1.0
0,0.0,0.16666666666666666,0.0,0.0,0.0,0.0,1.0,1.0,0.0,0.0,0.0,0.0,1.0
1,1.0,0.75,0.0,0.0,1.0,0.0,0.0,0.0,1.0,0.0,0.0,0.0,1.0
0,0.0,0.3972771509167841,0.0,0.5,1.0,0.0,0.0,1.0,0.0,0.0,0.0,0.0,1.0
0,1.0,0.4083333333333333,0.0,1.0,0.0,0.0,1.0,1.0,0.0,0.0,0.0,0.0,1.0
0,0.0,0.3972771509167841,0.0,1.0,0.0,0.0,1.0,0.0,1.0,0.0,0.0,0.0,1.0
0,0.0,0.43333333333333335,0.0,0.0,0.0,0.0,1.0,1.0,0.0,0.0,0.0,0.0,1.0
0,0.0,0.3,0.0,0.0,0.0,0.0,1.0,1.0,0.0,0.0,0.0,0.0,1.0
0,0.0,0.7,0.0,0.0,0.0,0.0,1.0,1.0,0.0,0.0,0.0,0.0,1.0
0,1.0,0.85,0.0,0.0,0.0,1.0,0.0,1.0,0.0,0.0,0.0,0.0,1.0
0,0.0,0.3972771509167841,0.0,0.5,0.0,0.0,1.0,1.0,0.0,0.0,0.0,0.0,1.0
1,1.0,0.8,1.0,0.0,0.0,1.0,0.0,0.0,1.0,0.0,0.0,0.0,1.0
0,0.0,0.2,0.0,0.0,0.0,0.0,1.0,1.0,0.0,0.0,0.0,0.0,1.0
0,0.0,0.3972771509167841,0.0,1.0,0.0,0.0,1.0,1.0,0.0,0.0,0.0,0.0,1.0
0,0.0,0.3972771509167841,0.0,1.0,0.0,0.0,1.0,1.0,0.0,0.0,0.0,0.0,1.0
1,1.0,0.6166666666666667,0.5,0.0,1.0,0.0,0.0,1.0,0.0,0.0,0.0,0.0,1.0
1,1.0,0.11666666666666667,0.0,0.5,0.0,0.0,1.0,1.0,0.0,0.0,0.0,0.0,1.0
1,1.0,0.18333333333333332,0.0,0.0,1.0,0.0,0.0,0.0,1.0,0.0,0.0,0.0,1.0
0,0.0,0.38333333333333336,0.0,0.0,1.0,0.0,0.0,1.0,0.0,0.0,0.0,0.0,1.0
0,0.0,0.3972771509167841,1.0,0.0,0.0,0.0,1.0,0.0,1.0,0.0,0.0,0.0,1.0
0,0.0,0.31666666666666665,0.0,0.0,0.0,0.0,1.0,1.0,0.0,0.0,0.0,0.0,1.0
0,0.0,0.31666666666666665,0.0,0.0,0.0,0.0,1.0,1.0,0.0,0.0,0.0,0.0,1.0
1,1.0,0.2,0.0,0.0,0.0,0.0,1.0,1.0,0.0,0.0,0.0,0.0,1.0
0,0.0,0.03333333333333333,0.5,1.0,0.0,0.0,1.0,0.0,0.0,0.0,0.0,1.0,1.0
0,0.0,0.6666666666666666,0.0,0.5,1.0,0.0,0.0,1.0,0.0,0.0,0.0,0.0,1.0
0,0.0,0.3972771509167841,0.0,1.0,0.0,0.0,1.0,1.0,0.0,0.0,0.0,0.0,1.0
0,0.0,0.16666666666666666,0.0,0.0,0.0,1.0,0.0,1.0,0.0,0.0,0.0,0.0,1.0
0,0.0,0.3972771509167841,0.0,0.5,1.0,0.0,0.0,1.0,0.0,0.0,0.0,0.0,1.0
0,0.0,0.31666666666666665,0.0,0.0,0.0,0.0,1.0,1.0,0.0,0.0,0.0,0.0,1.0
0,0.0,0.55,0.0,0.0,0.0,1.0,0.0,1.0,0.0,0.0,0.0,0.0,1.0
1,1.0,0.7166666666666667,0.0,0.0,1.0,0.0,0.0,1.0,0.0,0.0,0.0,0.0,1.0
1,1.0,0.4166666666666667,0.0,0.0,0.0,0.0,1.0,1.0,0.0,0.0,0.0,0.0,1.0
0,0.0,0.4,0.0,0.5,0.0,0.0,1.0,1.0,0.0,0.0,0.0,0.0,1.0
0,1.0,0.4,0.5,0.0,0.0,0.0,1.0,0.0,1.0,0.0,0.0,0.0,1.0
0,0.0,0.4666666666666667,0.0,0.0,0.0,1.0,0.0,1.0,0.0,0.0,0.0,0.0,1.0
1,1.0,0.4166666666666667,0.5,0.0,0.0,1.0,0.0,0.0,1.0,0.0,0.0,0.0,1.0
1,0.0,0.08333333333333333,1.0,0.0,1.0,0.0,0.0,0.0,1.0,0.0,0.0,0.0,1.0
1,0.0,0.35,0.0,0.0,0.0,0.0,1.0,1.0,0.0,0.0,0.0,0.0,1.0
0,0.0,0.4166666666666667,0.0,0.0,0.0,0.0,1.0,1.0,0.0,0.0,0.0,0.0,1.0
0,0.0,0.55,0.0,0.0,1.0,0.0,0.0,1.0,0.0,0.0,0.0,0.0,1.0
0,1.0,0.2,0.0,0.0,0.0,0.0,1.0,1.0,0.0,0.0,0.0,0.0,1.0
0,0.0,0.55,0.0,0.0,0.0,1.0,0.0,1.0,0.0,0.0,0.0,0.0,1.0
1,1.0,0.45,0.0,0.0,1.0,0.0,0.0,0.0,1.0,0.0,0.0,0.0,1.0
0,0.0,0.3333333333333333,0.0,0.0,0.0,0.0,1.0,1.0,0.0,0.0,0.0,0.0,1.0
0,0.0,0.55,0.0,0.0,0.0,0.0,1.0,1.0,0.0,0.0,0.0,0.0,1.0
0,0.0,0.48333333333333334,0.0,0.0,0.0,1.0,0.0,1.0,0.0,0.0,0.0,0.0,1.0
0,1.0,0.0,1.0,0.0,0.0,0.0,1.0,0.0,0.0,0.0,0.0,1.0,1.0
0,0.0,0.4083333333333333,0.0,0.0,0.0,0.0,1.0,1.0,0.0,0.0,0.0,0.0,1.0
0,0.0,0.3972771509167841,0.0,0.0,1.0,0.0,0.0,1.0,0.0,0.0,0.0,0.0,1.0
0,1.0,0.2833333333333333,0.0,0.0,0.0,0.0,1.0,1.0,0.0,0.0,0.0,0.0,1.0
0,0.0,0.4166666666666667,0.5,0.5,0.0,1.0,0.0,0.0,1.0,0.0,0.0,0.0,1.0
0,0.0,0.6166666666666667,0.0,0.0,0.0,0.0,1.0,1.0,0.0,0.0,0.0,0.0,1.0
0,0.0,0.06666666666666667,1.0,0.0,0.0,0.0,1.0,0.0,0.0,0.0,1.0,0.0,1.0
1,1.0,0.7666666666666667,0.5,0.0,1.0,0.0,0.0,0.0,1.0,0.0,0.0,0.0,1.0
1,0.0,0.35,0.0,0.0,0.0,0.0,1.0,1.0,0.0,0.0,0.0,0.0,1.0
0,0.0,0.5333333333333333,0.0,0.0,1.0,0.0,0.0,1.0,0.0,0.0,0.0,0.0,1.0
1,1.0,0.35,0.5,0.0,0.0,0.0,1.0,1.0,0.0,0.0,0.0,0.0,1.0
0,0.0,0.3972771509167841,0.0,1.0,0.0,0.0,1.0,1.0,0.0,0.0,0.0,0.0,1.0
0,0.0,0.3972771509167841,0.0,0.0,0.0,0.0,1.0,1.0,0.0,0.0,0.0,0.0,1.0
1,0.0,0.3972771509167841,0.0,1.0,0.0,0.0,1.0,1.0,0.0,0.0,0.0,0.0,1.0
1,1.0,0.9333333333333333,0.0,0.0,1.0,0.0,0.0,1.0,0.0,0.0,0.0,0.0,1.0
1,1.0,0.15,0.0,0.5,0.0,0.0,1.0,0.0,1.0,0.0,0.0,0.0,1.0
0,0.0,0.3972771509167841,0.0,0.5,0.0,0.0,1.0,1.0,0.0,0.0,0.0,0.0,1.0
0,0.0,0.2833333333333333,0.0,0.0,0.0,0.0,1.0,1.0,0.0,0.0,0.0,0.0,1.0
0,0.0,0.2,0.0,0.0,0.0,0.0,1.0,1.0,0.0,0.0,0.0,0.0,1.0
1,1.0,0.55,0.5,0.5,1.0,0.0,0.0,0.0,1.0,0.0,0.0,0.0,1.0
0,0.0,0.25,0.0,0.0,0.0,0.0,1.0,1.0,0.0,0.0,0.0,0.0,1.0
0,0.0,0.3972771509167841,0.0,0.0,0.0,0.0,1.0,1.0,0.0,0.0,0.0,0.0,1.0
1,0.0,0.43333333333333335,0.0,0.0,0.0,0.0,1.0,1.0,0.0,0.0,0.0,0.0,1.0
1,0.0,0.3972771509167841,0.0,0.5,1.0,0.0,0.0,1.0,0.0,0.0,0.0,0.0,1.0
0,0.0,0.23333333333333334,0.0,0.0,0.0,0.0,1.0,1.0,0.0,0.0,0.0,0.0,1.0
0,0.0,0.16666666666666666,0.0,0.0,0.0,1.0,0.0,1.0,0.0,0.0,0.0,0.0,1.0
1,1.0,0.4,0.0,0.5,1.0,0.0,0.0,1.0,0.0,0.0,0.0,0.0,1.0
0,0.0,0.475,0.0,0.5,0.0,0.0,1.0,1.0,0.0,0.0,0.0,0.0,1.0
0,0.0,0.18333333333333332,0.0,0.0,0.0,0.0,1.0,1.0,0.0,0.0,0.0,0.0,1.0
0,0.0,0.6,0.0,0.0,0.0,0.0,1.0,1.0,0.0,0.0,0.0,0.0,1.0
0,0.0,0.48333333333333334,0.0,0.5,0.0,0.0,1.0,1.0,0.0,0.0,0.0,0.0,1.0
0,0.0,0.36666666666666664,0.5,0.0,0.0,1.0,0.0,1.0,0.0,0.0,0.0,0.0,1.0
1,1.0,0.3972771509167841,0.0,0.5,1.0,0.0,0.0,0.0,1.0,0.0,0.0,0.0,1.0
0,1.0,0.05,0.5,0.5,0.0,0.0,1.0,0.0,1.0,0.0,0.0,0.0,1.0
1,1.0,0.16666666666666666,0.5,0.0,1.0,0.0,0.0,1.0,0.0,0.0,0.0,0.0,1.0
0,1.0,0.6333333333333333,0.0,0.0,0.0,1.0,0.0,0.0,1.0,0.0,0.0,0.0,1.0
1,1.0,0.2,0.5,0.0,0.0,0.0,1.0,1.0,0.0,0.0,0.0,0.0,1.0
1,1.0,0.65,0.5,0.0,1.0,0.0,0.0,0.0,1.0,0.0,0.0,0.0,1.0
1,0.0,0.75,0.0,0.0,1.0,0.0,0.0,1.0,0.0,0.0,0.0,0.0,1.0
1,1.0,0.3,1.0,0.5,0.0,0.0,1.0,1.0,0.0,0.0,0.0,0.0,1.0
0,0.0,0.3972771509167841,0.0,0.5,0.0,0.0,1.0,1.0,0.0,0.0,0.0,0.0,1.0
0,0.0,0.5833333333333334,0.0,0.0,0.0,0.0,1.0,0.0,0.0,1.0,0.0,0.0,1.0
0,0.0,0.25,0.0,0.0,0.0,1.0,0.0,0.0,1.0,0.0,0.0,0.0,1.0
1,1.0,0.7,0.0,0.0,1.0,0.0,0.0,1.0,0.0,0.0,0.0,0.0,1.0
0,0.0,0.3,0.0,0.0,0.0,1.0,0.0,1.0,0.0,0.0,0.0,0.0,1.0
1,1.0,0.6,0.0,0.0,0.0,1.0,0.0,1.0,0.0,0.0,0.0,0.0,1.0
1,1.0,0.35,0.0,0.5,0.0,1.0,0.0,0.0,1.0,0.0,0.0,0.0,1.0
0,0.0,0.4166666666666667,0.0,0.0,1.0,0.0,0.0,1.0,0.0,0.0,0.0,0.0,1.0
0,0.0,0.3972771509167841,0.0,0.0,0.0,0.0,1.0,1.0,0.0,0.0,0.0,0.0,1.0
0,0.0,0.3333333333333333,0.0,0.0,0.0,0.0,1.0,1.0,0.0,0.0,0.0,0.0,1.0
1,1.0,0.6833333333333333,0.5,0.0,1.0,0.0,0.0,0.0,1.0,0.0,0.0,0.0,1.0
0,0.0,0.45,0.0,0.0,1.0,0.0,0.0,1.0,0.0,0.0,0.0,0.0,1.0
0,0.0,0.6833333333333333,0.0,0.0,0.0,0.0,1.0,1.0,0.0,0.0,0.0,0.0,1.0
1,1.0,0.36666666666666664,0.0,0.5,0.0,1.0,0.0,0.0,1.0,0.0,0.0,0.0,1.0
1,1.0,0.15,0.0,0.5,0.0,0.0,1.0,1.0,0.0,0.0,0.0,0.0,1.0
0,0.0,0.23333333333333334,0.0,0.0,0.0,0.0,1.0,1.0,0.0,0.0,0.0,0.0,1.0
0,0.0,0.21666666666666667,0.0,0.0,0.0,0.0,1.0,1.0,0.0,0.0,0.0,0.0,1.0
0,0.0,0.3972771509167841,0.0,0.0,0.0,0.0,1.0,1.0,0.0,0.0,0.0,0.0,1.0
1,1.0,0.8333333333333334,0.5,0.5,1.0,0.0,0.0,1.0,0.0,0.0,0.0,0.0,1.0
1,1.0,0.31666666666666665,0.5,0.0,0.0,1.0,0.0,1.0,0.0,0.0,0.0,0.0,1.0
0,0.0,0.45,0.0,0.0,0.0,0.0,1.0,1.0,0.0,0.0,0.0,0.0,1.0
0,1.0,0.26666666666666666,0.0,0.0,0.0,0.0,1.0,1.0,0.0,0.0,0.0,0.0,1.0
0,0.0,0.36666666666666664,0.0,0.0,0.0,1.0,0.0,1.0,0.0,0.0,0.0,0.0,1.0
0,0.0,0.31666666666666665,0.0,0.0,0.0,0.0,1.0,1.0,0.0,0.0,0.0,0.0,1.0
0,0.0,0.35,0.0,0.0,0.0,1.0,0.0,1.0,0.0,0.0,0.0,0.0,1.0
1,1.0,0.21666666666666667,0.0,0.0,1.0,0.0,0.0,1.0,0.0,0.0,0.0,0.0,1.0
0,1.0,0.3972771509167841,1.0,0.0,0.0,0.0,1.0,0.0,1.0,0.0,0.0,0.0,1.0
1,0.0,0.3333333333333333,0.0,0.5,1.0,0.0,0.0,1.0,0.0,0.0,0.0,0.0,1.0
0,0.0,0.43333333333333335,0.0,1.0,0.0,0.0,1.0,1.0,0.0,0.0,0.0,0.0,1.0
